customer_id,model,sales_price,sales_date,VIN
833174,Model D,95784.15,2021-01-01,YU7PM1U35S5D
115185,Model D,76736.56,2021-01-01,159K5NZXLJM1
678692,Model R,106532.69,2021-01-01,Y3HPTV6GD8FA
746147,Model R,93118.37,2021-01-01,0BM06R8YYZU3
841662,Model C,65225.2,2021-01-01,DAZ33SDPUG63
922198,Model D,81600.47,2021-01-01,Y88G48X4QZBP
615926,Model D,74271.06,2021-01-01,0YMCVW5OOI55
440496,Model C,66224.87,2021-01-01,RUWST81HP6BJ
513001,Model D,94207.85,2021-01-02,H96XEEMDY212
268890,Model D,89887.34,2021-01-02,OX3GDK7E0TJO
708732,Model D,77586.08,2021-01-02,YT1LXMDVB2UF
215664,Model C,71897.97,2021-01-02,QFRG1NOREOU4
915612,Model D,86890.95,2021-01-02,0GAZKD9DAMTP
364707,Model D,92486.05,2021-01-02,CC9CNMDIFQMG
562749,Model C,79690.78,2021-01-02,B6C2JZPFBPM9
575687,Model D,85538.41,2021-01-02,HER02P3YZ0AK
175899,Model C,80362.58,2021-01-02,1KSKCPTQQAWH
882493,Model D,96111.24,2021-01-03,3KJH2KD09PDM
488954,Model D,94205.4,2021-01-03,MR26YLRDMYLF
326146,Model R,107701.35,2021-01-03,WL1Q5IYLE8MS
934244,Model C,82747.59,2021-01-04,RXSNP8UDQQ6X
577006,Model R,111581.8,2021-01-04,JLN2N1LYZ4AC
630086,Model R,102288.89,2021-01-05,PDSOQ5VMZ2C6
376839,Model R,106986.2,2021-01-05,M4ANGI12GR10
707943,Model D,74742.16,2021-01-05,GELKMWWMA9SO
977460,Model D,85074.53,2021-01-05,NJWAK29Z684K
693591,Model D,81168.97,2021-01-05,FH4BLPEA9S4V
438876,Model R,107793.28,2021-01-05,L38TGKA8G8GZ
271911,Model R,99679.4,2021-01-05,5DPNZQT4B0MX
349375,Model C,75294.88,2021-01-06,JYRH0BM6R78D
207417,Model D,74807.14,2021-01-06,CS5XZO3E0RMX
680166,Model C,78445.49,2021-01-06,ABSKKSS9EZT1
165360,Model C,72109.27,2021-01-07,8TYYA19C4YEI
491075,Model D,76209.96,2021-01-07,CABQ02K2TUH8
218164,Model R,94959.98,2021-01-08,NGLWB2Z7ZKY4
875445,Model D,74429.44,2021-01-08,Y5K4PBC5Y8K9
868494,Model D,95599.92,2021-01-08,RW6Z8G72VRAI
280974,Model R,95158.06,2021-01-08,710JYE8EA8E2
649504,Model R,118378.89,2021-01-08,DNWZSAIU32ZO
927872,Model D,78522.75,2021-01-08,CGSG0GXPZM9W
897999,Model D,80717.26,2021-01-08,1AL9AGTSR4K9
549569,Model D,81634.97,2021-01-09,VNUJS66W02PG
473691,Model D,79826.27,2021-01-09,FIVV5RCAA4XL
592431,Model R,106073.82,2021-01-09,UDQVL0AL2POG
387363,Model R,95224.32,2021-01-09,AAGHKXHI99L6
227443,Model R,96867.93,2021-01-09,MZ5ULPA9JXFJ
838838,Model C,69728.52,2021-01-09,WQ7594TQWCK7
426799,Model C,77897.91,2021-01-09,CDVZ60WQ0KV7
633540,Model C,76935.97,2021-01-09,LXG0H6YHYDJI
643728,Model C,76117.67,2021-01-10,GCUYGP43Z9GD
516106,Model D,78133.81,2021-01-10,XBINSOVV3GSE
826591,Model R,110370.62,2021-01-10,N9UBF8609RXN
520029,Model C,82904.06,2021-01-10,26EVZCHGR6O2
838727,Model R,107574.95,2021-01-10,LPTK7HLMJ4L8
534963,Model C,70629.09,2021-01-10,9FMLTPVE494M
817106,Model R,95501.34,2021-01-11,31MC23KWDL8X
577962,Model D,95076.75,2021-01-11,7MJSV83QZJ9I
757100,Model R,110982.61,2021-01-11,HQIC8UA4I60M
990832,Model C,68641.77,2021-01-12,8TX8J4WPXLW8
385124,Model D,76469.15,2021-01-12,ZD065T0EYSO5
769528,Model D,82196.6,2021-01-12,PU4VHWW0U6LP
282355,Model C,73087.66,2021-01-12,BJWJ0HG362PQ
935377,Model D,77031.65,2021-01-13,NPOZ1G02GDOZ
125565,Model R,96815.34,2021-01-13,KWH1JT0S405O
804854,Model D,92782.02,2021-01-13,VR0Y62Z2BG8C
543589,Model R,104054.04,2021-01-13,1AODZYPBD21X
967534,Model C,81775.03,2021-01-13,OWDRXWA0EGZ1
190074,Model C,70671.18,2021-01-13,39E4UZL8MYFI
916927,Model D,87089.96,2021-01-13,79AYRC2OAZHL
438442,Model C,69226.7,2021-01-14,6BZ3YZD0U3X7
983063,Model D,86384.77,2021-01-14,X9YQX2F1ACTP
550853,Model R,111506.5,2021-01-14,LHUNSWGLSQ5E
613181,Model R,92755.87,2021-01-15,AYI4NP8UKGWX
583398,Model C,66708.6,2021-01-15,WQWKA9D2QR0B
884362,Model D,79765.13,2021-01-15,EMMLIVTZBEV7
444295,Model C,83511.3,2021-01-16,SGZDEIXGBJRO
795260,Model D,78072.06,2021-01-16,995GPLOS7OX0
369979,Model D,95700.09,2021-01-16,LUQU0PAAYP3E
221259,Model C,71752.83,2021-01-16,APQ1WXC37G3O
401571,Model D,90200.94,2021-01-17,AN9PZS46HBNK
745398,Model C,74684.21,2021-01-17,M6QS04TTPPBO
553522,Model D,78799.22,2021-01-17,VSYZKFTIEWAN
941101,Model C,83081.77,2021-01-17,IPJHFH77KRQ0
526243,Model C,74110.22,2021-01-17,A6JTLUEYHISR
315850,Model C,68548.96,2021-01-18,RLDPGK0IGQNN
474511,Model D,92196.13,2021-01-18,1FOE1PHP4GGR
560247,Model R,100328.06,2021-01-18,F7PK26FXFFFZ
220801,Model D,92564.33,2021-01-18,RJV0T2BHYM01
387731,Model C,82474.14,2021-01-19,2LJA6TEW15TN
712787,Model C,79222.97,2021-01-19,MZ2JA4X0UVEU
950268,Model R,111321.99,2021-01-19,2P8XIS14XRTO
419234,Model D,95382.88,2021-01-19,MMHS39CD5MNG
489111,Model C,74067.18,2021-01-20,WEY0YULXKXJM
569343,Model D,96049.59,2021-01-20,H83M0UW8JB90
771746,Model R,93713.43,2021-01-20,2MIJTYGIGAKZ
839035,Model R,105986.77,2021-01-20,YC4IF7EMQG3K
413439,Model D,81784.29,2021-01-20,36RXKKG0F1KT
248712,Model C,76019.11,2021-01-20,8JL26BYKF37K
183989,Model R,110838.88,2021-01-21,N7U0V5CZ2HVW
859548,Model D,76911.17,2021-01-21,3245SQ6TR4ZM
716630,Model R,92902.17,2021-01-21,HYX6MR5Q4PJ8
139159,Model R,96962.97,2021-01-22,MS56265AQ6CT
471817,Model C,79141.11,2021-01-22,LEW1KA4PWQVP
220757,Model D,91517.3,2021-01-22,UNM9JZ7DQ55N
250832,Model C,82552.33,2021-01-22,YUCL4ZVU6H7N
482978,Model C,77921.76,2021-01-23,3PFV4R55SIHF
826353,Model D,78080.85,2021-01-23,3K3MKKUQN0YO
301150,Model D,83727.4,2021-01-23,QEO395SGJKPZ
614268,Model D,89487.84,2021-01-23,JYUGQ0FVHHEF
344342,Model C,66189.88,2021-01-24,DV97WJC2B6JR
897182,Model C,71148.27,2021-01-24,SBTTVJCW751B
208883,Model R,94029.47,2021-01-24,MGUAZ0W0JYJH
780972,Model R,107183.56,2021-01-24,NG5O01YOLYRQ
794738,Model R,102529.95,2021-01-24,TS0223WVA4FL
625492,Model R,103841.54,2021-01-24,WUQBBK2YY8L8
517672,Model C,78111.49,2021-01-24,V46B4SXSPKCA
712678,Model R,117340.36,2021-01-25,HVX22TKXZSY1
819705,Model C,70544.44,2021-01-25,CHVL0Q8PNTAK
887460,Model R,106301.43,2021-01-26,9TSL36DW4AV2
752075,Model R,105477.78,2021-01-26,FFVTJFDR4L46
419813,Model R,102819.22,2021-01-26,UGC9DQNC4C5U
634382,Model R,99278.42,2021-01-26,9L9TUFYUF2HF
790143,Model R,106192.62,2021-01-27,GNER1AEYJCRQ
310738,Model C,81722.47,2021-01-27,ICUMYGH7E7IJ
221043,Model D,78564.69,2021-01-28,28FA022T3DRI
756264,Model R,104422.53,2021-01-28,EBK7UX6S34UW
145830,Model D,83938.93,2021-01-28,LP9IRJT3D779
144395,Model D,85741.21,2021-01-28,DTYRMWBFQEFT
788741,Model D,80299.89,2021-01-29,UDQM5B2BOZV4
510079,Model C,79354.0,2021-01-29,1HZ1WQ7CS51D
329822,Model D,94694.38,2021-01-29,J2D6B3XYZHM9
285861,Model R,109057.34,2021-01-29,OR2PGIYYV2JV
325270,Model R,99172.71,2021-01-29,QKMZLPFQ52AN
474210,Model R,118404.8,2021-01-29,ER89HGUFCJZV
557955,Model C,82515.73,2021-01-30,BPCKZTVBKC8S
674159,Model R,105276.85,2021-01-30,SGXN5DEYVUAZ
945911,Model R,107978.12,2021-01-30,NSRMGAPLIU9A
670765,Model D,86525.73,2021-01-31,QA8QCK01BW5B
629855,Model D,94809.16,2021-01-31,3U35LCS891UE
888944,Model C,73432.64,2021-01-31,Y8VGHKCN5O3V
703537,Model C,65635.36,2021-01-31,R1XQWYWIY3ZU
698825,Model D,92548.8,2021-02-01,35NM9VFOA4VP
368359,Model D,90230.99,2021-02-01,QHPMCX67WKNW
704041,Model D,78330.04,2021-02-01,URRIY10LRWCA
415757,Model D,83395.73,2021-02-02,W85GF2731G28
868515,Model R,115139.0,2021-02-02,OWNZE82TFC66
754853,Model R,101870.81,2021-02-02,MJTWF4PNPJL1
976751,Model R,116230.63,2021-02-02,1TLMIPDWVN4R
981310,Model D,78023.91,2021-02-02,ZKCIDXC6VGBL
952348,Model R,98722.99,2021-02-03,SZR5F57V7C7Q
895641,Model R,114145.64,2021-02-03,4Z2I40Q3PYYS
623614,Model R,118793.59,2021-02-03,RJ6HJQ9XCHYQ
334043,Model D,92730.69,2021-02-03,HI6YD9PBTKPO
230151,Model D,90030.13,2021-02-03,VF1QZFB1OJFD
249796,Model C,71962.72,2021-02-03,04F0Z2XTFE53
859305,Model R,106932.9,2021-02-03,ZZ8SPOJF1UD7
349496,Model D,78303.05,2021-02-04,ZS7DP7VAVC5X
689975,Model C,78500.4,2021-02-04,7NBJQT4TQVJV
491886,Model D,76699.44,2021-02-04,SASWGZ0NP2PQ
732284,Model D,94335.81,2021-02-04,VHYNHPZN6UPW
179954,Model C,66072.58,2021-02-04,0BWJSF6AO2AM
448928,Model C,78102.6,2021-02-04,6X5NTHM0XGYM
239678,Model R,100405.67,2021-02-04,AC6HJPHJ24OB
269473,Model R,95451.09,2021-02-04,L9IXWQ3HH5OA
163375,Model D,85471.73,2021-02-05,X698K0QILCY2
397342,Model C,73165.76,2021-02-05,E6F90WJNDKAL
251571,Model R,93365.72,2021-02-05,8EZCCQN2MFXG
932251,Model D,78000.96,2021-02-05,HTACNBVYDAWM
134073,Model R,105319.62,2021-02-05,7ZCN0C3NM6J6
804537,Model D,96166.05,2021-02-06,3A9VS6253QLO
557720,Model D,77243.05,2021-02-06,LYMDDV5VNQB9
615062,Model D,83529.12,2021-02-06,M3TPYYDRD0BO
936479,Model R,106805.68,2021-02-06,PZD92B8X6K4X
864219,Model C,79561.22,2021-02-06,Z4U5NC35RFGY
330650,Model R,96492.14,2021-02-06,PFK1HQTZAM6T
189698,Model C,71898.15,2021-02-06,G8PQ1MW9S6ZW
157589,Model R,97697.63,2021-02-07,ZKVDW2E606A9
797021,Model R,107833.7,2021-02-07,1RFCVQPIJKRG
385941,Model R,96557.01,2021-02-07,RRNNUGWPWYKL
162395,Model D,76853.58,2021-02-08,58AN62GUVWFR
612392,Model R,106994.94,2021-02-08,04LG73UUF8KW
761646,Model D,93815.99,2021-02-08,E0FZYXX9TNM1
221963,Model C,66108.28,2021-02-08,J71E2EM611LG
140124,Model R,102232.44,2021-02-09,WE3QMAG7Z5FN
760225,Model D,80513.07,2021-02-09,89VYZVSHAUQ1
921079,Model C,72797.57,2021-02-09,R7JHB0O4XZRE
744322,Model C,75946.3,2021-02-09,96GO9SO4XG34
324712,Model D,87526.94,2021-02-09,SCZZ1IMF5ZQX
753158,Model C,65355.15,2021-02-09,848CB6PU1895
159538,Model C,67409.33,2021-02-09,F7MHCV6GXZFM
300417,Model R,94214.64,2021-02-10,YQP63D226RZT
807432,Model D,75036.18,2021-02-10,O63HS52V08V1
642778,Model R,105952.0,2021-02-10,EP1MK2530FPQ
126240,Model D,85833.6,2021-02-10,1RM61CQY9831
856010,Model C,80974.77,2021-02-10,PIRDILPZERJX
122439,Model C,73073.6,2021-02-11,RWAB60VXWL74
506004,Model R,119049.67,2021-02-11,197Q05ML0HJS
663672,Model D,88339.11,2021-02-11,39SEND7M20HD
709851,Model C,73327.14,2021-02-11,772Y24Q9OC31
273678,Model C,70022.61,2021-02-11,U0NSJ2V1EM6F
243389,Model C,66470.97,2021-02-11,EBEBGOXTZBTZ
483785,Model R,92251.96,2021-02-12,VY4CO84NG88X
371692,Model C,66129.54,2021-02-12,UP6EUZ1CYTCP
720316,Model D,82369.41,2021-02-12,0H453PAU4EOO
481433,Model C,72649.74,2021-02-12,Z0UR4ND3LWUL
748199,Model R,110775.31,2021-02-12,TSEOFTIZHM47
323168,Model C,75508.67,2021-02-12,ZORQC9MUKG54
154310,Model C,68903.48,2021-02-12,YEBMPMAWGVIR
796770,Model D,85813.63,2021-02-12,F9ZDFIMRSV9Q
561443,Model D,81584.52,2021-02-14,EP7LML0QCQ3R
130468,Model C,77949.88,2021-02-14,ASCVDHK8XFRV
630035,Model R,118472.53,2021-02-14,JN51XZJV9IN6
158596,Model C,71455.59,2021-02-14,3LFKXMUW9S5C
721552,Model R,110015.64,2021-02-14,Q504MROEY3U6
423179,Model C,75666.13,2021-02-14,Y11WI3HZT9SD
552209,Model R,116317.27,2021-02-14,MBSTB58T0WV6
124563,Model C,78976.45,2021-02-14,SW538CFGJDDY
340696,Model R,104733.65,2021-02-14,P6M1BHFGWJXN
803074,Model C,80326.74,2021-02-14,UJTHEGL1O1B2
638361,Model R,93928.59,2021-02-14,77NTIX5WLLHD
568998,Model R,111587.57,2021-02-14,IR8BNTBZ1A3U
392771,Model D,79184.02,2021-02-14,N52C4W5JMEME
696210,Model R,110021.57,2021-02-14,4WMKIBVWEPX2
717192,Model D,78530.8,2021-02-15,5A9540CZEGG2
531598,Model R,117708.02,2021-02-15,BWXUSUH2WHB9
478644,Model D,74983.77,2021-02-15,2WK1DHFDOYFR
355553,Model D,86640.91,2021-02-15,Z6MUE8AXW7RD
199355,Model R,104557.67,2021-02-15,618URQUL6BGP
386687,Model D,75539.26,2021-02-15,YGW6K03A6HV8
321676,Model C,68895.97,2021-02-15,3RYGKAU78O4V
863675,Model D,89401.4,2021-02-15,4RH0XZ18GM2K
124647,Model C,71698.13,2021-02-16,8WFRNUXNBMO4
772373,Model D,83761.0,2021-02-16,ICRR9L4M0EJY
693904,Model D,84417.97,2021-02-16,206Q7YAC25WM
572672,Model R,94511.07,2021-02-17,PG4WLD5RGK8P
485119,Model C,72016.33,2021-02-17,S2FG5MOHOE6G
745017,Model D,84459.58,2021-02-17,JP07MFBFDKB9
922864,Model R,114851.91,2021-02-17,QVWT77LFX9EZ
611245,Model R,118541.13,2021-02-18,VN7ZWQ5UISWF
487727,Model C,74376.91,2021-02-18,07KVEBQS96X4
899918,Model D,83276.93,2021-02-18,CT4FG0RBRZB2
603609,Model D,88743.08,2021-02-18,SBULVWRG5PPJ
425922,Model C,80920.28,2021-02-19,NG327Z5A2PKO
586651,Model R,92396.28,2021-02-19,ZYDT643UWS0Q
242789,Model R,110715.66,2021-02-19,PFKTWB1SBO8L
475833,Model C,75594.17,2021-02-19,A33UA8PY6889
496587,Model D,79071.36,2021-02-19,SDAS1NOISF64
662503,Model D,84589.6,2021-02-19,CD84A4BKAOTN
560384,Model D,93788.96,2021-02-20,MX0TH3VBI066
261083,Model R,92878.88,2021-02-20,RW8ESQQBLJT2
782030,Model C,72619.35,2021-02-20,CK4MMA4RUGOM
469182,Model D,89132.9,2021-02-22,B6ASM7UDH43J
758158,Model R,116972.26,2021-02-22,DSWBIEEXDC56
862851,Model R,105955.09,2021-02-22,4IOVABO348MW
180797,Model R,102457.77,2021-02-22,RM8HVA8GRYST
808154,Model R,113502.13,2021-02-23,H639CE9F3WVE
746995,Model R,99765.96,2021-02-23,38D56O8EZYIV
182094,Model D,93004.05,2021-02-23,BH7Z1EA5GMJE
759463,Model C,81408.28,2021-02-23,I2ECM776T4FD
671767,Model D,77674.84,2021-02-23,64VSF6ORWA6N
732545,Model R,118116.97,2021-02-23,GIBA0BLNK5ZK
552893,Model C,80630.83,2021-02-23,LXZIDSNAV2L3
267654,Model D,81321.29,2021-02-23,P7ZP88VI4F1B
967802,Model D,81743.19,2021-02-24,OTT5BQUUH0TZ
415107,Model R,111094.86,2021-02-24,KXSS5QG0NCEQ
771047,Model D,86792.58,2021-02-24,XQ6W0VKDP5ND
206000,Model D,82321.32,2021-02-24,NG7RZWEJZNS2
456648,Model C,72096.3,2021-02-24,YCPN8HHKKB1Y
572022,Model C,71277.37,2021-02-24,9CIXL0ZNHIOB
824708,Model C,65670.09,2021-02-24,M9LRAPKR4XX9
244586,Model R,118733.8,2021-02-25,OEFIFW58NVJV
616219,Model C,83539.82,2021-02-25,OA9L1BZYPT3R
127428,Model R,105837.57,2021-02-25,81P5VW8VKY6P
717480,Model D,94992.44,2021-02-25,P1QMZDHQN3FT
756401,Model C,75365.87,2021-02-25,YBYLASCE97J2
869087,Model C,72623.98,2021-02-25,NTKMTC2BXKBT
994239,Model R,108674.84,2021-02-26,VHR6N6XX9GP4
831857,Model D,84089.72,2021-02-26,2GLZ2WCR15O2
497326,Model R,112843.66,2021-02-26,W79MPTR10VEY
127918,Model R,111850.96,2021-02-26,8R4MPEIW8IQA
338135,Model D,79023.04,2021-02-26,SJA20W6IBNXZ
772796,Model D,80659.76,2021-02-26,GK1LNKI8R5PT
937753,Model R,101991.3,2021-02-26,5OVDD1MWX3US
276860,Model D,74902.65,2021-02-27,09M2V3J01OLD
398066,Model D,83509.03,2021-02-27,27YL977L6IJ8
404421,Model D,77827.78,2021-02-27,3XZYCKA1EWWG
975464,Model R,105768.71,2021-02-27,LMA2EGQ66EXQ
363616,Model C,82120.03,2021-02-27,F5E92WB692KZ
859041,Model R,99942.71,2021-02-27,DET6S69H3IBT
750664,Model C,69156.3,2021-02-28,J9NG73DP8KNM
459970,Model R,112228.7,2021-02-28,EHA10S57TRTA
983582,Model C,76349.81,2021-02-28,RI2SJSISKI5P
646462,Model C,83830.7,2021-02-28,C8JO3V65A0X9
384012,Model D,83713.95,2021-02-28,XBXDNPQ1BHXP
192107,Model R,119448.37,2021-03-01,L72XTGO24AGU
991238,Model D,82609.36,2021-03-01,UNPA4GI6QXN8
183231,Model C,73791.51,2021-03-01,TR2L2V465M5G
866085,Model D,90536.32,2021-03-01,DB0QK3J42IKV
139909,Model D,84353.67,2021-03-01,VJPB9R1NXG2M
974465,Model R,92552.99,2021-03-02,A39HFX8D94QR
526248,Model R,104925.43,2021-03-02,AHXACMUSUIO9
295976,Model R,95563.63,2021-03-02,4H9V2X6OVD8F
800354,Model C,72520.38,2021-03-02,B6X0MS4D8VTU
697291,Model D,81546.34,2021-03-03,OPV95Q4OWBXN
608007,Model C,77245.38,2021-03-03,QBJ25TTT4NQE
123680,Model D,92010.41,2021-03-03,W1QIZKC1WSRJ
608532,Model R,96716.29,2021-03-03,1ZW00QYZOA4M
231069,Model R,109019.07,2021-03-03,X8621NLDVQF6
375942,Model D,89028.14,2021-03-04,NKY6ZUBA9IKG
986103,Model D,83078.25,2021-03-04,OTKTFD3K5HE3
554110,Model D,80037.36,2021-03-04,IQQSMQ99DKHO
796334,Model R,105241.23,2021-03-05,G9VUWRV3N7D0
353050,Model R,92868.66,2021-03-05,T4UVFUGXQTXJ
725752,Model R,99022.39,2021-03-05,8MBMNEGNOCAP
179408,Model C,73948.94,2021-03-05,WV6DXK57MXPE
258945,Model D,90142.44,2021-03-05,8M9299WJGB1B
344423,Model D,76629.77,2021-03-05,C1FUJDZ2J1MB
634851,Model D,88857.41,2021-03-05,XYPTTQJR4JGK
331644,Model R,101186.45,2021-03-05,I8KKUFO7ZIAB
140606,Model C,81614.11,2021-03-06,O9D2S7RCHMY4
214914,Model R,109826.95,2021-03-06,0H78SP209U3Q
451065,Model D,80718.4,2021-03-06,2O9SNNPIYX07
962026,Model C,81140.51,2021-03-06,UFR39N7SI8GV
922435,Model D,95418.44,2021-03-06,PS716VVFD1BY
982503,Model D,78965.55,2021-03-06,23B0TFLNR8VM
420699,Model C,67443.91,2021-03-06,5834MMS42TR5
576410,Model D,93670.16,2021-03-06,4WYCW6MHC2AY
616731,Model R,118268.49,2021-03-06,Z52NWFQ83ANA
438377,Model R,105461.01,2021-03-07,OX93HSR2WVIG
811379,Model C,81424.55,2021-03-07,LIF3F6BN9N5R
609457,Model D,75294.27,2021-03-07,JBLYY3B65AG2
812692,Model C,77156.98,2021-03-07,B7RIQSEHM0IN
822594,Model C,83329.14,2021-03-07,RFR48CYV7YH8
251816,Model C,74483.98,2021-03-07,Y3P590SELH19
542539,Model D,81898.74,2021-03-08,B4S530AYL3HX
316995,Model C,80031.31,2021-03-08,8P5MZX0XOS5P
262698,Model C,83859.57,2021-03-08,QPI5ATK9BN89
405382,Model D,85655.96,2021-03-08,HE10T2GH4SM7
672455,Model D,87223.68,2021-03-08,HTRLBQ61NY44
815360,Model R,97744.43,2021-03-08,VBGHAK2EZ9VF
990893,Model D,85361.17,2021-03-08,FAFZFHJTYMZU
249950,Model R,100461.54,2021-03-08,FRRGANMNWBD8
351401,Model C,66320.03,2021-03-09,X2RTPNK8NMYX
920049,Model R,102318.41,2021-03-09,5O2H0EK5QABK
988341,Model D,78324.09,2021-03-09,WSLDAQKWU8QD
854818,Model C,77778.12,2021-03-09,1VRYVZZS774R
343271,Model D,77628.34,2021-03-09,HNXGVAR36T87
706629,Model R,95632.77,2021-03-10,Y3CKY8XJDIR5
504072,Model C,81494.24,2021-03-10,6ICPPVV69Q6U
349579,Model R,112710.31,2021-03-10,RMH2Y2BH20NG
680999,Model D,82692.42,2021-03-10,QVVH12SQTI70
474482,Model C,75788.94,2021-03-10,QI29D6F4Z6TX
576832,Model C,82925.08,2021-03-11,4YDXKQW0K2YZ
136590,Model R,116669.54,2021-03-11,RG7ARY0OKNO5
451278,Model R,98383.38,2021-03-11,J9KH6XBSJ03F
507185,Model D,78875.63,2021-03-11,723Q48GTHUHL
642148,Model R,114289.35,2021-03-11,T6YDOPDMVV4L
390265,Model R,95662.6,2021-03-12,3X95XDJG0CBY
289942,Model R,112304.71,2021-03-12,VJB6XNMFU126
357958,Model C,73859.73,2021-03-12,BUZ0IUI3DGXR
838624,Model R,100080.0,2021-03-13,4GB8J6HESDSZ
306182,Model R,94138.02,2021-03-13,XY0QVA8H2074
402467,Model C,75900.24,2021-03-13,CW6BT2S5W1V1
977558,Model R,97983.56,2021-03-14,H0OC4BP3NC25
976680,Model C,73900.32,2021-03-14,KI4VGPZJD0OD
729763,Model D,93981.41,2021-03-14,OP5AJOYVKRP1
112165,Model R,98376.83,2021-03-14,Q39PWPVEJW1T
738304,Model R,107982.46,2021-03-14,8F0Q8DVAOS0Y
776075,Model R,92527.13,2021-03-14,8Z1USD42QUFB
735991,Model D,84935.49,2021-03-14,B4FMTXIEQ43N
366986,Model D,93166.62,2021-03-15,AZ6VIU8WP972
319682,Model C,67465.12,2021-03-16,9EHY1RNRDPEO
327798,Model C,78547.69,2021-03-16,3193P98IURUF
709796,Model R,112376.09,2021-03-16,HKIW28DLQ21H
435062,Model R,102043.27,2021-03-16,UJBCF8R5VGFB
904027,Model R,105917.52,2021-03-17,B3HRNT5LA8GA
531956,Model D,87302.56,2021-03-17,WDZ7AGR6LBLH
672039,Model R,99749.44,2021-03-17,247RINWI0TI9
376465,Model C,79518.83,2021-03-17,SN7IPAMZD38J
578282,Model C,80263.24,2021-03-17,QJ9NMNKI807K
135104,Model D,88576.17,2021-03-17,SFAKW2HFQ2J6
355023,Model C,68941.39,2021-03-19,PSHQMK50SR9E
838621,Model R,110927.53,2021-03-19,6FM8SCY5HNIP
430491,Model C,79210.87,2021-03-19,AJNMYZEF5CSO
790035,Model R,92564.23,2021-03-19,HTUH7YUEE541
619886,Model D,79757.43,2021-03-19,Y61586PVVIW8
939196,Model D,87180.09,2021-03-19,R1YC7IRGCV6F
406374,Model R,115499.5,2021-03-20,0VNCDF6D0M2L
885450,Model R,93158.79,2021-03-20,BL2MAIGMB4WT
249559,Model D,94535.18,2021-03-20,0ELW959F4CV1
958781,Model D,91542.8,2021-03-21,VB6A9SXZLXZU
403704,Model R,107713.83,2021-03-21,6Q8V1M64Y7EE
936848,Model D,81603.79,2021-03-22,BBOMG9H81UIN
709946,Model R,110136.05,2021-03-22,QB98KS9COI3D
384754,Model C,79942.91,2021-03-22,D0ONYS9IBOBN
355407,Model R,104370.93,2021-03-22,J84X3VUP1BAQ
919168,Model D,93143.76,2021-03-22,H41TMIYD0GQA
358502,Model C,72139.23,2021-03-22,ZBSZ6BI79YE1
113161,Model D,84531.11,2021-03-23,K145B4LG88M6
628700,Model D,87111.95,2021-03-23,KH8UES5HS4UN
216366,Model C,65377.13,2021-03-23,9VGPCWVOE9W1
519462,Model R,117374.83,2021-03-23,2QW7I1NNGP4Q
309493,Model C,68964.28,2021-03-23,X8CP4QQM9BLP
661714,Model D,92287.11,2021-03-24,H0H4FQ7I7886
204756,Model D,75890.1,2021-03-24,OB1V3PFDE6NF
332496,Model C,66500.95,2021-03-24,T9H0U53LAHWR
970152,Model C,72830.07,2021-03-25,A6ESCQWY9SUN
243643,Model D,95207.45,2021-03-25,3OJOCR35KAXN
123788,Model C,73117.59,2021-03-25,BX6FC7V5S86O
563267,Model C,67581.96,2021-03-26,HDSRPZKB3KGE
944133,Model R,119339.72,2021-03-26,3CXC9FSEZ8HZ
865267,Model R,108373.08,2021-03-26,N5LEVJI2WUYM
590224,Model C,81531.23,2021-03-26,JGIZRPF9JF39
131378,Model D,79227.73,2021-03-26,HLHRQZFEBKGY
255199,Model R,112793.81,2021-03-26,29OJCK7550AM
444164,Model D,82664.52,2021-03-26,AFR6X4URFB19
206073,Model R,106652.3,2021-03-27,B8YWOOG9XJEA
557145,Model C,67195.43,2021-03-27,W454RZS9CCHW
258478,Model D,92798.47,2021-03-27,EANK0OOWG9Z5
434290,Model R,117598.89,2021-03-27,1NLM60GKNVUJ
200547,Model C,71830.89,2021-03-27,AHA4ILK4I1F5
816237,Model R,103897.61,2021-03-27,D8PQBU5BMOCP
990550,Model C,77510.14,2021-03-27,ZQUKS65P2T2M
231544,Model R,111982.37,2021-03-27,LO4A1BNCKAGD
301284,Model D,93208.45,2021-03-27,7Y7BU1LOL9VX
195090,Model D,87662.59,2021-03-27,JSVO9SPR81F4
453391,Model D,86584.41,2021-03-27,TH0XKN4K7SBC
773768,Model D,86283.1,2021-03-28,RZKPIOCUJ062
675124,Model C,72474.14,2021-03-28,YBN2A24OUUO8
440068,Model R,110378.59,2021-03-28,1HNRXEVA598V
891147,Model R,94964.07,2021-03-28,LJ8VRMVHPWA5
524656,Model C,80851.84,2021-03-28,EI50GYJFWBRN
855318,Model D,75364.8,2021-03-28,FC8J31RU9A95
293956,Model D,89558.02,2021-03-28,1L85C9OT2XX5
187938,Model C,84479.81,2021-03-28,M8F2C607HU37
771639,Model D,90212.85,2021-03-28,D6XNN2E0KK9C
383002,Model R,118533.35,2021-03-28,KIVVP9OMNT6W
279161,Model D,82691.32,2021-03-29,RASYRVVQCI8H
525256,Model R,96113.32,2021-03-29,ZJ73HWHYTL54
787835,Model C,69243.06,2021-03-29,UKSNCQING5SC
823390,Model R,98168.08,2021-03-30,CNGGMBWF1831
694382,Model C,69393.88,2021-03-30,HDX1MY4QRSVJ
977652,Model C,69591.89,2021-03-30,2HVP9SQ0MI70
506940,Model C,83520.42,2021-03-30,T5Q93J3LSQ4B
990462,Model R,112938.45,2021-03-30,2X804GQPZGML
667347,Model D,80690.31,2021-03-30,UXQANJX3PT76
722505,Model R,104577.07,2021-03-30,E83445RCNLRL
447186,Model R,94953.86,2021-03-31,O6TD1DOQ3Z8X
314616,Model C,69890.8,2021-03-31,P9PM9BTIWYVB
943671,Model R,92728.42,2021-03-31,OM6XTL9CAXYM
221897,Model R,98359.18,2021-03-31,SR8ZJTSGEBXC
381992,Model C,70588.04,2021-03-31,PC0M4IJZN6I3
267738,Model C,75382.35,2021-03-31,RER2A3FLHHW1
728067,Model C,72765.73,2021-03-31,6N1T9R3G0UYF
570944,Model D,85668.85,2021-03-31,LCS7A9Q6WRJ7
420045,Model D,78329.64,2021-03-31,T0D2PZ2P1MOB
664642,Model D,90575.88,2021-03-31,UHZBSB7VA919
329819,Model C,76058.35,2021-03-31,01LXJC59QJMY
870862,Model C,74675.8,2021-04-01,9A4CLNXKKOLI
684950,Model R,100661.12,2021-04-01,KZGFS9N10EXV
961092,Model C,73267.69,2021-04-01,P264WDVWQYBC
914095,Model R,109733.81,2021-04-01,FHKUF00GPEM0
768680,Model C,83467.8,2021-04-01,XMWNTW0VZRJL
172470,Model R,115348.69,2021-04-01,CXIO3G5ZJMIB
974161,Model D,89235.35,2021-04-01,QTSM37H1QP1G
803248,Model R,104817.74,2021-04-01,X5TQ0PIEWA52
178004,Model C,70169.07,2021-04-01,BNNNLOQWDQOA
928079,Model D,88473.03,2021-04-02,ESP4UA21UUN6
714076,Model R,92485.18,2021-04-02,O4EQBFT7T001
264750,Model R,107249.34,2021-04-02,E8RCEETQPA3K
478869,Model C,76507.84,2021-04-03,IF3CKVQ68D4X
843574,Model D,85464.92,2021-04-03,MR4ASXTJ1680
922932,Model R,93829.12,2021-04-03,ZSKFQHNC6AXW
977615,Model R,106554.06,2021-04-04,GKVN1JHY0KM5
910333,Model R,114373.22,2021-04-04,RW2YI25B0KJR
943337,Model C,69668.61,2021-04-04,RPRG69OW44MH
804499,Model C,67436.32,2021-04-04,AH938WVKCRHY
629048,Model C,79212.11,2021-04-05,BGXUI93ATVOD
226212,Model C,66694.54,2021-04-05,W60NDKCDMAVV
554516,Model D,87532.71,2021-04-05,7YB9M93EXJAH
146961,Model C,71931.41,2021-04-05,UFZ6LBKVO2Y6
486150,Model R,98639.34,2021-04-05,WHM29H0BUNLP
356826,Model C,84422.65,2021-04-05,0IV6I8IMF7MU
182989,Model R,95254.38,2021-04-06,PZ0RWZ7ZQW6J
813446,Model D,86314.9,2021-04-06,0P7Z68H83E87
250063,Model R,95020.3,2021-04-06,Z820F2356WNS
148818,Model C,82127.9,2021-04-06,YST9DSNLPUSP
821478,Model D,83051.74,2021-04-07,EKX6J9GSQG84
778381,Model C,67822.36,2021-04-07,J6CXSSU85TAA
273757,Model C,72812.7,2021-04-07,F2HEO3ZJO1N9
750227,Model C,66085.41,2021-04-07,FQPOILS9OFHB
459854,Model R,97215.42,2021-04-07,GI1TCILZAQA3
596716,Model R,96535.75,2021-04-07,NAJU5EI5I7ED
297121,Model C,70740.52,2021-04-07,IA3PZO9W7BLX
731520,Model R,92994.72,2021-04-08,C342NDKGBK5F
911917,Model R,94929.87,2021-04-08,M3ERSJM395J6
258730,Model C,79410.19,2021-04-08,5HHH7T8BQ1T7
639915,Model R,93444.32,2021-04-08,D52INJKG0EA2
579194,Model D,84847.86,2021-04-08,VXE2I1936N3E
552550,Model R,104541.7,2021-04-08,RNQ8TCQT3KZ2
173637,Model C,69935.79,2021-04-09,UVUWL1KCPFRT
228859,Model R,107860.95,2021-04-09,S93771ZZEQJX
525950,Model R,116230.47,2021-04-09,N5T32VZKETX7
801262,Model D,84594.68,2021-04-09,SZYEC5VGD681
448641,Model C,81916.82,2021-04-09,0CF4R1KHUENJ
669507,Model R,108013.51,2021-04-09,NB3I1BI0DYSB
459040,Model C,80441.84,2021-04-09,27V26TRWY8GL
965777,Model C,77426.93,2021-04-09,FRBQ6TSBVEKK
379052,Model D,91713.46,2021-04-09,DJGG9LM0GO6Z
396805,Model C,69820.78,2021-04-09,NWA1KV0183J1
345126,Model D,77032.93,2021-04-10,5EBRXMPXZFHM
376077,Model R,112503.56,2021-04-10,U1JZLOC77EBI
151662,Model D,90042.27,2021-04-10,RCPYNKQPFE7T
866314,Model C,83139.45,2021-04-10,5VKLAOBQTSEV
410770,Model R,119234.53,2021-04-10,OR1DQLOMZOOC
151327,Model C,81703.44,2021-04-10,0FDR1OTDERZB
244354,Model C,75630.77,2021-04-10,OVWU3ESQD9XP
627770,Model D,76912.46,2021-04-10,114S74DW851X
923903,Model R,105631.34,2021-04-11,MZIVHAZLUXL6
851391,Model R,112597.29,2021-04-11,3THVM6E6YPVE
148550,Model D,88968.66,2021-04-11,C6TNHF5W7K0Z
627483,Model D,91212.15,2021-04-11,EHZFJ9XY70DO
320633,Model D,92396.9,2021-04-11,TEU611XKGZ76
151168,Model D,84407.86,2021-04-12,FBIGBKVD5DOI
536787,Model D,87146.83,2021-04-13,IPOB7QAHD8AR
786808,Model C,67727.43,2021-04-13,0U2J4SBTK1Q1
974979,Model C,78970.59,2021-04-13,C0UR4OAI2BEB
590643,Model D,90634.82,2021-04-13,G35IYCZH593J
508659,Model R,92913.06,2021-04-13,CZBDRYN2IXUQ
224018,Model C,70113.95,2021-04-13,E61QZP10P87Y
534208,Model C,81498.25,2021-04-13,XUBOORFVFJTM
914578,Model C,66598.93,2021-04-13,307YRAXU4E11
953477,Model D,94179.77,2021-04-14,Z6GQK63T9JP3
111641,Model D,79869.56,2021-04-14,LSALVPJT8RSB
496637,Model D,88242.33,2021-04-14,YCGYY4AAXLPU
556347,Model D,79939.94,2021-04-15,L467ZV9L5GP4
122139,Model R,116246.07,2021-04-15,0NC00OC30UP7
678065,Model D,92284.41,2021-04-15,LR9T9L2KSK1J
322080,Model C,68554.34,2021-04-15,PNTA0JX6WB10
773454,Model R,99404.25,2021-04-15,OSJ36SZ9SI8O
624887,Model D,86182.73,2021-04-15,GT98I6Z1P7EV
357454,Model C,79298.94,2021-04-15,BW18VR6GE34U
793162,Model R,105828.92,2021-04-16,B37QLJ9ILQUL
729797,Model R,97024.84,2021-04-16,DKS9042PYQJ2
193340,Model R,97474.82,2021-04-16,OSICFIOMDEOJ
826401,Model C,78842.34,2021-04-16,NVTDUUY4LHYE
874609,Model D,81817.74,2021-04-16,9KPOOSV3CZ46
192760,Model C,68922.87,2021-04-17,YR2ZLKKR1J1H
653479,Model R,115301.69,2021-04-17,H9VPMS7F6QTN
987653,Model R,109235.79,2021-04-17,ZDR1PQ8WAKRA
148459,Model C,71943.32,2021-04-17,H91STDVHRD7Q
700968,Model D,79432.31,2021-04-17,0QTENA1NFZRQ
132585,Model D,81546.88,2021-04-17,D5ZEP54XTCZA
400146,Model C,68775.62,2021-04-17,U9HMDB3FU163
450914,Model C,74630.25,2021-04-18,U196XMHXKF5P
751277,Model C,72996.47,2021-04-18,ZWYILC469Q4M
822679,Model D,81886.65,2021-04-18,HJC0QWS1RXSF
119993,Model R,104914.88,2021-04-18,DQNOKQHREA6O
454328,Model D,82655.76,2021-04-18,53IK18J8PHOV
715429,Model D,80119.82,2021-04-18,4EY25KK8LDEH
777432,Model C,69914.15,2021-04-18,KW5DB3V6OSXF
865781,Model R,110737.2,2021-04-18,7ZV2VL48M7GG
552079,Model D,95031.03,2021-04-19,S7D3VZDOA57R
244786,Model R,112758.2,2021-04-19,NF55291GE8OW
933745,Model R,98661.57,2021-04-19,17P7UV3LUNCS
400757,Model D,92248.04,2021-04-19,7L5IIIB8FFGH
602457,Model C,83690.21,2021-04-19,VGA0T7UKKSQ1
708410,Model C,81355.89,2021-04-20,J32787QQ7AGE
516507,Model C,77992.48,2021-04-20,IRDRJLYXLJDS
966012,Model R,95203.65,2021-04-20,LH1CUK35IOZF
369406,Model R,115240.9,2021-04-20,ILLXCQCPVCSG
447228,Model R,97501.1,2021-04-20,FQ0AQIX44AIM
662534,Model D,94719.04,2021-04-20,M91FG3PBHFXY
948910,Model D,90286.99,2021-04-20,53JN97MEHTQ9
777619,Model D,75268.47,2021-04-21,8WGXUCGROH0O
709750,Model C,81609.2,2021-04-21,D2ETN0YHOPF5
289069,Model D,87007.36,2021-04-21,3NNA31HE0WOX
396421,Model R,101424.01,2021-04-21,GPKMBCV9BVF7
707291,Model R,116140.31,2021-04-21,2G6I69DG325Q
372274,Model R,113879.35,2021-04-21,8B45MPJ6SFU1
659901,Model D,86723.46,2021-04-21,3ITNRC4VT3YN
247875,Model D,78239.97,2021-04-22,ZMRRKAPPTWQ8
411395,Model R,100019.5,2021-04-22,OOXXE4EQEESC
922946,Model R,103222.72,2021-04-22,HLDAGAI8061M
675299,Model R,115882.47,2021-04-22,YCIOV42QP8QF
906620,Model R,95677.07,2021-04-23,B3HFEBWHXSX2
223477,Model C,77488.83,2021-04-23,KU20WZIWD80N
878255,Model C,65204.74,2021-04-23,8E4H78FX5WEF
671693,Model C,71478.81,2021-04-23,NM5XB4MC5XHF
920038,Model D,92097.1,2021-04-23,EV1FCU0YW0CK
813730,Model C,83360.6,2021-04-24,7MD6IONNUFDG
582263,Model D,77430.14,2021-04-24,G2NWQX7HIW44
122486,Model R,106541.99,2021-04-24,W7R5XUORJD2J
771985,Model D,85011.94,2021-04-24,H6PE8JMYTYA4
846894,Model R,105920.13,2021-04-25,EVI7IEBIZZFL
506684,Model D,96288.57,2021-04-25,BBJE3Z5PVQHI
346075,Model D,79875.48,2021-04-25,2XYKX5JQNFNC
621626,Model R,102169.85,2021-04-26,PSEBPKKJU1YS
307127,Model C,72458.23,2021-04-26,QT0JX9YV7AZK
700464,Model D,86162.3,2021-04-27,4TP9T2AGK5TZ
556024,Model C,74311.83,2021-04-27,AQBHN937E9UZ
675573,Model C,76405.4,2021-04-27,VQOBRHRJYT43
776492,Model R,118882.69,2021-04-27,IOLB3ZNTEZ3Y
575127,Model C,74746.61,2021-04-27,Q75JFMIFU8WI
541047,Model C,65723.69,2021-04-27,Y44U1UH0PUD9
402809,Model D,82688.51,2021-04-28,VJW0SGROIY8I
694524,Model D,92176.22,2021-04-28,S2EZA09W1L66
209456,Model D,77323.76,2021-04-28,EIWMSYNQ97LN
418006,Model D,88912.15,2021-04-29,QKCZJWGSEUIH
317897,Model C,71428.29,2021-04-29,LQHFWB5VV0Z4
758237,Model D,83991.72,2021-04-29,XDVF18B1WAG8
797541,Model C,81170.81,2021-04-29,TR5EBK6OG4DR
350982,Model D,95014.65,2021-04-29,6P5YCZKQ9WL5
628755,Model C,78572.84,2021-04-29,CNT6R0YK1HOA
150690,Model C,82176.45,2021-04-29,6IWC3UKF9L16
522196,Model D,81164.58,2021-04-29,TMMZDSJ6PPHU
225190,Model R,93541.34,2021-04-29,KG06JHBFZP0T
169559,Model R,99640.92,2021-04-30,JSUY8BJLMDCR
137517,Model R,102046.95,2021-04-30,YR7DLYI1P0AP
670152,Model R,118215.84,2021-04-30,UAF37T4S901D
721545,Model R,97244.25,2021-04-30,CM0O3RGSUP2O
834080,Model D,76811.08,2021-04-30,O7IPI7E70N18
391069,Model R,107704.93,2021-05-01,OVUPYT6G4IF7
997478,Model D,87689.28,2021-05-01,19P6R8ZK965P
884461,Model R,115702.09,2021-05-01,SBBR1TGO97VJ
591486,Model C,73585.57,2021-05-01,A466A7BJI0PN
127872,Model R,118375.71,2021-05-01,JA6P4VG5D2DG
710251,Model R,109389.11,2021-05-02,UZW8NOP91GYC
513834,Model R,103803.24,2021-05-02,Y9L5VER9L19I
677812,Model R,113047.4,2021-05-02,MABCYUP9ZE5U
238851,Model D,76452.17,2021-05-02,CWTQT1JC4R8T
685190,Model D,84934.32,2021-05-02,YGDAL4CDFXH2
141369,Model D,92959.45,2021-05-03,LS52M68RH4V2
329331,Model R,92945.46,2021-05-03,3FZWBTBTKY56
727886,Model R,94428.2,2021-05-04,HZYXPAC37WHI
241161,Model C,78432.89,2021-05-04,PD9OJFFQT0MQ
602945,Model C,66279.29,2021-05-04,F82RMUQQ9FEN
698076,Model C,83626.31,2021-05-04,471CVHELSMQR
269142,Model D,92780.26,2021-05-04,ZCJZONPL891P
636800,Model R,94505.09,2021-05-05,0SROUH81Z04R
329028,Model D,79101.95,2021-05-05,GDSN1W947JPS
320919,Model C,80657.8,2021-05-05,M03SBWVVE8ZP
409481,Model R,92291.75,2021-05-05,NCRV6UZJIDEV
332903,Model R,101220.74,2021-05-05,6VV8Y4BJ51QF
858353,Model R,102547.44,2021-05-05,FXSXNNDRKDAQ
127669,Model D,75720.24,2021-05-06,X652HK7FKTQP
195866,Model C,82061.21,2021-05-06,8G1IA7XJQAGS
749475,Model R,116068.25,2021-05-06,Q21VP3930BNU
757823,Model D,85935.77,2021-05-07,TSBXDGUXV2HR
116423,Model D,81071.09,2021-05-07,R6CGRUTZECSK
505645,Model C,70038.53,2021-05-07,N3H30AHSAICN
634666,Model C,76144.61,2021-05-07,OJ54F0J59OJ5
946422,Model C,73876.33,2021-05-07,948JHOQQ7HFK
833603,Model C,74570.13,2021-05-08,NHIVW37X3T3Q
739219,Model C,74447.34,2021-05-08,R5G2PPAOFDO8
967848,Model R,101879.83,2021-05-08,TRXLFK4BZ5SI
304890,Model R,114398.2,2021-05-09,CD3XYKYUED8M
198560,Model R,99307.12,2021-05-09,0Z78MXF6MJIB
393897,Model D,76857.37,2021-05-09,RAYEQF4QL69B
572769,Model R,113563.49,2021-05-10,JE9GY6M1MTW0
503540,Model D,75596.42,2021-05-10,PQM9SOTGKTKV
986160,Model D,94806.54,2021-05-10,7EC3Y9V6APX5
326877,Model R,112782.41,2021-05-10,QYZTI3IDPOS6
832926,Model D,74640.6,2021-05-11,X67STNE9AIC6
800471,Model D,82375.48,2021-05-11,BP9M9NDHTV8C
832489,Model R,101691.15,2021-05-11,9I2V3XGFEHL3
749637,Model D,83206.83,2021-05-12,31E0XQHSEBEN
138589,Model C,79555.32,2021-05-13,B59OH6CWHC68
147852,Model C,71086.07,2021-05-13,K0H4LVJKYDRI
605307,Model D,81224.2,2021-05-13,RT5CT3U7UPHO
943207,Model R,96015.27,2021-05-13,6VF4JX4G1LVX
135002,Model C,66229.83,2021-05-13,L0MA3F1HV9TK
948631,Model R,111291.03,2021-05-13,DJ0Y554B44QZ
714186,Model R,108845.9,2021-05-14,T08YLTLJH9YF
116168,Model D,88904.17,2021-05-14,AM560YMQQMLO
578690,Model R,98306.15,2021-05-14,4SKWHMK6MRFO
388620,Model R,95759.89,2021-05-14,T3NG3BQ0VIQB
163683,Model D,92601.84,2021-05-14,2R5M867ELNFO
669573,Model C,65410.61,2021-05-15,C08LWSQWD2ZK
786045,Model R,101389.34,2021-05-15,O0PL4OPQ98KX
419132,Model R,98898.27,2021-05-15,UVO0DJJHTNBW
214327,Model R,95787.77,2021-05-15,R3B5LGSVAXP0
382683,Model R,102336.14,2021-05-15,183CBOIYWH84
329788,Model C,78696.97,2021-05-16,3JQP7TJYEW8N
747960,Model C,82975.37,2021-05-16,SV9611M6W63S
615332,Model R,100894.53,2021-05-16,PF6K2S4V2FWP
441174,Model R,116508.91,2021-05-16,0VNHTSH1QWH5
489082,Model D,95197.17,2021-05-16,7OHSE5XIDFD7
812888,Model R,107039.5,2021-05-16,0IMKZEZVJMOV
228037,Model C,81276.43,2021-05-17,8A6O02QRR2U4
740880,Model C,71649.89,2021-05-17,5JJJHKUS6H3H
858628,Model D,91971.5,2021-05-17,HWD0D2BXYDC9
743014,Model R,107512.26,2021-05-17,JOJ29L3JC9X7
733240,Model C,69938.0,2021-05-18,JBUF7PEOBX87
935373,Model R,98947.78,2021-05-18,RMXF6KL76NRB
628273,Model R,103425.6,2021-05-18,5CLRJ0MVYUZU
441839,Model R,105105.44,2021-05-18,6NSS7F861YZQ
699079,Model R,105903.31,2021-05-19,1LFJ09RXQ905
284462,Model C,69300.97,2021-05-19,15HLJNKJG6WH
205430,Model C,67559.58,2021-05-19,Q9V2KCRJ39L3
898367,Model R,112292.65,2021-05-19,B7P3BNYO4N5R
336380,Model D,77211.74,2021-05-19,CH4ZGMYDXNUY
578847,Model R,115755.9,2021-05-19,8KTGMPU4IJQQ
747003,Model R,94472.6,2021-05-19,4T14FRF97H0J
463232,Model C,84608.65,2021-05-20,QZXGNPCEOZ39
134119,Model C,77196.0,2021-05-20,KSQU0WHOFE4O
913028,Model D,92015.46,2021-05-20,X9W2AEILGA0E
125494,Model R,114519.24,2021-05-20,YGV6BVM7DLOY
257474,Model C,78994.13,2021-05-20,JT8K4WJLTB9Z
813614,Model D,92514.85,2021-05-20,29B6BVIBIKAH
643038,Model D,77553.98,2021-05-20,0ZPG3FYABKL2
476469,Model R,114308.85,2021-05-20,3UDI0QEUSCZH
702843,Model C,81578.19,2021-05-20,R69YZUH0RH76
923365,Model D,84143.65,2021-05-20,KVP4XVJKR07Q
705296,Model C,69345.79,2021-05-21,GFII058RD8OB
219516,Model D,89924.13,2021-05-21,D1ER1XMAHZ9F
165403,Model C,70264.89,2021-05-21,H6F9O4A9FT1V
204243,Model C,72211.88,2021-05-21,8FHU7M5D4T1P
487121,Model R,92084.45,2021-05-21,CZO8AD9CU9CG
404417,Model D,82177.97,2021-05-22,Q0LYVQYHEHV0
972493,Model C,76613.12,2021-05-22,CJ8KBGF86JWO
222656,Model R,119022.21,2021-05-22,7FXHSUD9P7A7
859970,Model D,95047.57,2021-05-23,0LJBMJOCPEKO
790163,Model D,83234.6,2021-05-23,VKTSHGFAVTET
572965,Model R,119093.6,2021-05-23,N4O0HJ18JD4S
538823,Model C,84015.91,2021-05-23,K9EPNMFSLG8C
971981,Model R,117772.96,2021-05-23,JPGY4SPTXXU8
188841,Model D,91454.21,2021-05-23,MLO8WALPHY2V
810783,Model D,80123.89,2021-05-23,7XHUO5F378MC
267894,Model R,98333.56,2021-05-24,H4UU9B8IIN31
575671,Model D,76981.72,2021-05-24,XL3S1Q5MYN58
345710,Model D,90227.95,2021-05-24,DB3YOBD64WHK
346089,Model R,112359.27,2021-05-24,MQ3POGJEQYN2
142958,Model C,70165.64,2021-05-24,LYPRF8OTJKWJ
179726,Model R,118783.48,2021-05-24,BDX752VQS9P7
983093,Model D,95402.96,2021-05-25,V9HFC9ZOWA7Z
319305,Model D,91140.75,2021-05-25,JB0HD491SJQZ
136615,Model D,82100.32,2021-05-25,ABXH0BQP2E2W
860268,Model D,76910.83,2021-05-25,E0ZW7006J49O
490752,Model D,92229.52,2021-05-26,KYNZ4YMAAZ0L
618433,Model R,107501.04,2021-05-26,1ZQLGWPF3TPQ
307089,Model D,93549.26,2021-05-27,0ACQ8DUT8DCB
338413,Model R,95725.8,2021-05-27,TECE6HA28JQR
839792,Model R,118610.1,2021-05-27,INNAR873F5MR
540793,Model R,97985.34,2021-05-27,7JK87ETXFV9F
493880,Model C,82401.65,2021-05-27,844EKN73K6WK
839828,Model C,66354.17,2021-05-27,1M8EW91EFXIK
199968,Model D,92630.15,2021-05-28,ADJ55HMOKJAI
986202,Model D,88324.17,2021-05-28,J653JNJEUIE1
467313,Model D,87700.08,2021-05-28,NH57HNXCXSHC
377561,Model D,88340.9,2021-05-28,Z94RZSXJ0BRA
934811,Model C,67377.03,2021-05-28,RFEJ35I83FWB
927736,Model D,84589.27,2021-05-28,AHV1E1ATF130
870872,Model D,94637.93,2021-05-29,HWE123JSHZO2
628743,Model D,93572.56,2021-05-29,SAGGW23L15SU
528939,Model R,118913.19,2021-05-29,J2QXQ8K8OC09
945018,Model R,98115.2,2021-05-29,G30XRWR6MM8N
571768,Model C,71791.96,2021-05-29,XZZZ50A6AEMY
490047,Model C,69209.01,2021-05-30,ODGS5BLHGB3I
682406,Model C,71065.92,2021-05-30,ELL10GU1H5L0
402289,Model D,87283.69,2021-05-30,XMOGLJLF39YD
878230,Model C,71062.37,2021-05-31,L4IHSOJBQ6DE
246623,Model R,101245.01,2021-05-31,1OLVJHEDL5YS
451928,Model D,84599.08,2021-05-31,SQPOVB9GECDN
778888,Model C,79467.94,2021-05-31,DUW8REEV56WW
581145,Model C,69460.84,2021-06-01,0PR9J4PPFGAF
877603,Model D,78526.54,2021-06-01,F0O0F3CMQXT8
139277,Model D,91423.15,2021-06-01,MYMTD5D3QM7D
755982,Model D,77583.23,2021-06-01,CZ483N7EY8X7
632569,Model R,109012.7,2021-06-01,VBA5ESBXCIXB
252973,Model R,102756.65,2021-06-01,O1H4EID7CRD6
981380,Model R,105234.83,2021-06-02,QB9ZZ8VR0MW1
713386,Model D,86568.84,2021-06-02,L4NBYGY1RRZI
557890,Model R,117355.2,2021-06-03,N8P4BPS0SC46
614141,Model R,113931.04,2021-06-03,81A4MG7LZBW6
759168,Model D,89126.09,2021-06-03,04VVQLCCG011
206458,Model D,86912.65,2021-06-03,OB3M1WM0TXKI
247647,Model D,84555.0,2021-06-04,J1LRNBY3AH1B
495889,Model C,69412.85,2021-06-04,3C4DAK9UR53A
932592,Model D,88584.87,2021-06-04,VG8SKXH5YIYM
904459,Model R,98688.01,2021-06-04,BXFQR1AIPHQN
149140,Model D,83079.08,2021-06-04,MHN02CHK0IZQ
684664,Model D,78754.72,2021-06-04,LEV1XAZF4A9R
117749,Model R,118202.54,2021-06-04,998R0DVM8EMY
283043,Model R,104308.15,2021-06-04,7B9IRQJTNNMD
663812,Model R,96442.98,2021-06-04,OMEAFMCCADBF
396784,Model R,93429.56,2021-06-05,XEXDHNO08TCT
479864,Model R,96221.82,2021-06-05,L7VJWSK2G64D
878478,Model R,93700.22,2021-06-05,3RVG6O0W9BRF
143856,Model C,79598.7,2021-06-05,WFP1VQU5C5EA
125553,Model C,65277.25,2021-06-05,AWADP4ESA758
997267,Model R,103967.8,2021-06-05,D7GJ3HQ5T4H2
448205,Model R,105079.33,2021-06-06,RAUOQCX0UO8N
408156,Model C,72153.42,2021-06-06,F5FON27QT40C
281816,Model R,103651.06,2021-06-06,QO30KY59XPBA
283031,Model C,75006.47,2021-06-06,YNXINOYRHRXI
920719,Model D,76764.32,2021-06-07,BOFPRPZTM18Z
918288,Model R,93616.03,2021-06-07,47IZIQ0DFXMV
596480,Model C,75052.31,2021-06-07,RAEOJ5967T4Z
328029,Model R,110931.55,2021-06-07,9JBY45KE1PJF
270521,Model D,86377.29,2021-06-07,XLXXPMHGRH7D
470645,Model D,89228.7,2021-06-07,Y12UMH2XB1J1
470090,Model R,118995.23,2021-06-07,7LQ4OUPI7MXA
618735,Model R,108989.48,2021-06-08,MJX472F8WUEI
297014,Model D,85630.34,2021-06-08,3X9CL1Y99ZDE
760893,Model C,65907.38,2021-06-08,KH2K3ALRMX8D
113640,Model D,85030.79,2021-06-08,Y1RAL5S03DM8
863704,Model C,84312.59,2021-06-09,WBHV3MKD5W5M
721407,Model R,118399.32,2021-06-09,V7Z4A4V5RRJF
130368,Model C,67431.65,2021-06-09,J2PRI6AWKTID
867614,Model R,103185.47,2021-06-09,XJZNDTSONPFS
519562,Model C,69937.63,2021-06-09,0XMUAYG3X3TA
582796,Model D,93580.54,2021-06-10,4T4K3TLKV0QC
382871,Model D,92517.77,2021-06-10,KX4MX99BG2SY
117843,Model R,92550.77,2021-06-10,F5EXMQ77W042
496186,Model C,75403.89,2021-06-10,VVVTXPI5ABOL
985760,Model C,79761.13,2021-06-11,9EVEHP640EDC
957174,Model R,98374.68,2021-06-11,ETNKUY0UFE3K
831719,Model R,110155.62,2021-06-11,3DOBFOX7AR54
640098,Model R,115473.61,2021-06-11,0TGYJSE597QO
986349,Model C,79190.98,2021-06-12,R8NT9G4YOLVK
365674,Model R,117575.7,2021-06-12,BAQMRIWT8M5I
936588,Model R,105620.85,2021-06-12,8GT590BYRMT2
197574,Model C,75775.42,2021-06-12,O014FHRN6GAZ
818546,Model C,84573.83,2021-06-12,6JXNK4X0DVO4
846326,Model C,83744.73,2021-06-12,JARQHILEEXRF
789507,Model D,78182.05,2021-06-12,2NZZKS0E0PB4
752988,Model R,119190.46,2021-06-12,7GKHDDCL0S48
776606,Model D,80170.16,2021-06-12,VF4OWL0HKMJM
510614,Model D,82937.92,2021-06-13,4KKZLORXMYOZ
565504,Model R,119060.99,2021-06-13,ZQA2GTUB0XBQ
954767,Model D,78947.37,2021-06-13,EZAKX2R2CEVF
951949,Model C,71134.17,2021-06-13,37J19V5VMBRR
244196,Model R,95093.3,2021-06-13,BYBPZUJURWK7
664447,Model D,88477.6,2021-06-13,HW5LYG10ZQ44
986726,Model D,86574.54,2021-06-13,UT92XZU1UVAD
924111,Model D,95615.65,2021-06-14,Q2IMTINF6VSU
271167,Model D,86135.22,2021-06-14,OU2EHN7SQIM8
826644,Model D,93859.82,2021-06-14,9Q877XYH95OU
314874,Model R,109376.14,2021-06-15,5NKYIP6QT0SG
278538,Model R,114578.45,2021-06-15,8AXKAWTV76GV
352003,Model D,94830.21,2021-06-15,H7QSVLKYXCRO
268813,Model D,74482.92,2021-06-15,JASGHP3ELJK9
855859,Model R,104959.3,2021-06-15,0Q7UF2D2VDBW
280364,Model R,116539.6,2021-06-16,VPQNDNZCI2LM
537840,Model C,67750.49,2021-06-16,5CY32AGOEMKU
777647,Model C,77502.74,2021-06-16,V4RGCRN6WTHW
224180,Model R,112889.61,2021-06-16,SKS12R2N1D00
871844,Model C,79357.15,2021-06-16,FQJJAW6SIYGO
627082,Model R,93958.53,2021-06-16,DW4N6JAYFI1S
870927,Model R,95737.13,2021-06-17,P1ULW5DZKV66
703258,Model D,82037.73,2021-06-17,GFIYNJV4QQTE
189921,Model D,95243.08,2021-06-17,ELJX1LKWI3TU
218391,Model D,88134.52,2021-06-17,S5M3LLCGGN3M
681075,Model R,97982.13,2021-06-17,V1TLMN7JR07G
654551,Model C,65865.43,2021-06-17,TS7DGZWHJ4N4
957285,Model D,88413.57,2021-06-18,55J4912MKYBI
686632,Model D,95554.1,2021-06-18,S51YSHG703MW
257890,Model D,95895.34,2021-06-18,MBP7EOX8A4EZ
214503,Model D,91202.47,2021-06-18,AD8JEC07FVWS
441282,Model R,111931.91,2021-06-19,EQGO022B9LIF
139885,Model R,109731.76,2021-06-19,W5GNFT7ZPHM9
262772,Model D,78700.35,2021-06-19,1WHYW4TPM8S4
637950,Model C,84509.8,2021-06-19,I0SZS9S3VQ18
229328,Model R,95933.05,2021-06-20,L1B5P62SR86J
945562,Model R,118312.82,2021-06-20,9LCK6RRPBU3Y
407593,Model C,76872.49,2021-06-20,WZ39AZFLK970
291136,Model C,74142.33,2021-06-20,3WY1S92V3Q24
751864,Model D,82980.65,2021-06-20,8M2JISQ1G8PG
796538,Model D,79032.43,2021-06-20,NVS0NB00B7WW
270725,Model R,110986.28,2021-06-20,5DW8NY1MC5HK
799956,Model C,77639.6,2021-06-20,LPPTPZJ1TP3D
248624,Model R,92388.49,2021-06-20,MKXNQ4X2NFMJ
822649,Model C,66129.46,2021-06-20,MWV95B67D0KW
664645,Model R,108765.77,2021-06-21,93QTQZT1N3DO
272379,Model D,93691.89,2021-06-21,MI337AKH1S1F
651142,Model D,74918.61,2021-06-21,T8QKAMIERJMU
553025,Model R,117573.68,2021-06-21,DJ0KFRUMWCAO
834677,Model R,103513.49,2021-06-21,GSVMRAXK96MN
818945,Model D,85981.07,2021-06-22,M7YCW2TKU2MO
126393,Model D,91372.4,2021-06-22,3MKKRMMJGO0P
507692,Model D,82981.22,2021-06-22,FYS1N8IFD15G
775731,Model C,67638.63,2021-06-22,M780YJPAMUKE
872788,Model R,117544.08,2021-06-22,M9S16W9B19K2
589133,Model C,68907.14,2021-06-22,NYBRC5VMHRZB
124910,Model D,76733.47,2021-06-23,RYZHK2L5PKSU
505371,Model R,100219.72,2021-06-23,NWT5FIV4S1SL
663307,Model D,91729.47,2021-06-23,DOW8BGGUHK1G
615582,Model C,75847.47,2021-06-23,HFGAMM2M6LEH
406797,Model C,79591.36,2021-06-23,0DVDPO8AEQ6S
769919,Model D,86607.83,2021-06-23,C898C18FZ0XT
528811,Model R,95214.02,2021-06-23,4A4W0O87JS95
592967,Model D,81091.71,2021-06-23,4VTAW7UTABQ4
176642,Model R,106598.58,2021-06-23,O9JOFLQ1SKPA
658086,Model D,75071.66,2021-06-24,FIU9SWVQU1FR
529299,Model D,93814.25,2021-06-24,X2KCJZBT9G7Y
216998,Model D,86975.4,2021-06-24,TV5VWFT84ZKA
776144,Model D,96018.36,2021-06-24,4KULMQ0TFQVR
356672,Model D,95538.86,2021-06-24,RCVG72R22KHH
323875,Model C,82714.46,2021-06-24,4KP2TW2MNS03
410475,Model D,74498.42,2021-06-25,MM1INDBLHW2O
513108,Model C,66339.64,2021-06-25,SQD28ISOMMBK
822219,Model D,82900.31,2021-06-25,Z68L2M8ME7L9
539709,Model C,81494.29,2021-06-25,PTDWRF9L2LH3
583011,Model R,99852.7,2021-06-26,XMI59Z0GSFQ7
488787,Model D,89823.34,2021-06-26,GYGHXSDSQILU
251106,Model D,87817.64,2021-06-26,H70MA9V1F1OV
167678,Model R,119529.16,2021-06-26,HBCNYN6G68RS
220164,Model D,82752.28,2021-06-26,XQMXSZIBWHIP
208187,Model D,78239.99,2021-06-26,MY1S7MKSTM26
778559,Model C,67908.8,2021-06-27,Q24F4NI2RV24
615949,Model D,87238.54,2021-06-27,S45N29A6P3WX
528411,Model R,103500.4,2021-06-27,OKG8F96E177U
510103,Model C,71259.38,2021-06-27,8XNNPZTMNEZE
806603,Model D,77480.2,2021-06-27,0SRZBBFAVQD2
926665,Model C,68306.96,2021-06-27,GY0TJTVSCOTZ
174609,Model R,105885.77,2021-06-28,P0C82LIVS9KU
976951,Model D,76143.99,2021-06-28,5JYJZ0L35GN0
364810,Model D,87550.7,2021-06-29,KQW3KUB5FURX
942059,Model R,110967.25,2021-06-30,0Q4ZYLTN5Q6P
471776,Model C,81606.19,2021-06-30,V7GGSXLSGJI9
924114,Model D,85881.04,2021-06-30,9XYGKGNPKCQL
254703,Model R,95306.78,2021-06-30,ITSO717BDFUC
683021,Model C,81461.15,2021-06-30,Q4E2DKQHSUNR
636109,Model D,77808.19,2021-06-30,MHHX99B7LVKQ
754974,Model R,104694.05,2021-07-01,D0UZHNFNBAVM
588091,Model D,82601.33,2021-07-01,SMQ7KWBW315I
947045,Model D,82116.5,2021-07-01,GHN0E0CXWG89
480764,Model C,75070.98,2021-07-01,846RU3YF65KP
879367,Model R,105880.22,2021-07-01,3WMVRWLHMQFZ
966562,Model C,81332.93,2021-07-02,W2XUJ4KU7VWD
713321,Model C,67195.73,2021-07-02,91M2345BM1IG
189805,Model D,85064.95,2021-07-03,PMTRGNWWCYN1
664206,Model R,111802.93,2021-07-03,PZYH4BQ50FF3
939469,Model D,81264.64,2021-07-03,EQHVC3KNTNHC
138341,Model R,108053.52,2021-07-03,UUZCAVZBKLKQ
275750,Model C,71766.78,2021-07-03,QJ89WT85ZOC3
485368,Model C,82815.11,2021-07-03,VPV48YJTEC9X
451613,Model R,97322.5,2021-07-03,P385RELR1GVF
353775,Model D,77787.19,2021-07-03,VHTN84LX7O5B
306318,Model C,69442.11,2021-07-04,ASSS737THVJK
846049,Model R,95910.41,2021-07-04,R1M29LBFGUBI
966853,Model C,83723.29,2021-07-04,WW3NYSOFK6GP
252775,Model R,95216.44,2021-07-04,SW3CGY0BMT5R
771061,Model C,71065.48,2021-07-04,SJEUIMN5K3YX
128650,Model D,89313.03,2021-07-05,TP1LMTUQD87Q
914225,Model R,103353.89,2021-07-05,4RMX4G4HLQWI
376893,Model R,111051.17,2021-07-05,QKOFPZF9NB7V
166752,Model R,96120.96,2021-07-05,JAA5QXDD3JY6
421164,Model D,94289.34,2021-07-05,93VUUZXJZMZQ
788923,Model R,105853.49,2021-07-05,6LEXWWEKKFXK
196624,Model D,84551.26,2021-07-05,TBL1JUF0C73G
402697,Model R,112269.78,2021-07-05,8YW5V0K4SXE5
999368,Model C,73637.85,2021-07-06,XKPX9D85GU4V
461003,Model C,68835.13,2021-07-07,L6LJB8X986HE
411698,Model C,69830.53,2021-07-07,NKYUE812EZAZ
594927,Model D,86808.09,2021-07-08,YL6QBM2BTHMM
556389,Model D,88165.35,2021-07-08,8KMMG4H79LQL
869753,Model C,81741.24,2021-07-08,GAO7HEEIJ98K
246341,Model R,115773.87,2021-07-08,ZPJ6ZZPJ83HB
340157,Model R,107450.95,2021-07-08,XV7ABS6ZQMTE
839490,Model C,68140.56,2021-07-09,15X2AOME7JC3
416910,Model D,75684.69,2021-07-09,65OLDWJEFJZ6
955500,Model R,95068.99,2021-07-09,EX2MCNBVDA6Y
286837,Model C,71679.77,2021-07-09,9SH4ICOPVCVU
823193,Model D,81709.48,2021-07-10,XI92SLVOWHRD
956026,Model D,87762.61,2021-07-10,O029B9FS5K9A
826264,Model C,82500.0,2021-07-10,8QQCH3OEWLX6
853266,Model R,111319.81,2021-07-11,5ZJ6O8PE9MID
892961,Model C,78968.72,2021-07-11,PKY39I7YGCOJ
497294,Model C,76148.78,2021-07-12,ARI6E8NQ3IJC
907358,Model R,102455.34,2021-07-12,99LIK48A0TML
126865,Model R,110976.38,2021-07-12,MCAUIX624OJR
684386,Model R,113900.77,2021-07-13,ZYZTW0IW9B0C
384193,Model R,100505.01,2021-07-13,W11JG0M1BP4V
210237,Model C,84232.05,2021-07-13,V0I2EI640XNM
255759,Model C,82698.22,2021-07-13,UB7CST91J0E4
507714,Model R,105633.36,2021-07-13,AGEGHVSFN14K
770750,Model C,65509.21,2021-07-14,8QWRVGSOP8KL
432467,Model R,93081.54,2021-07-14,R89QJ9FPKKTY
717589,Model R,95452.02,2021-07-14,F8JS6Q1R5K3R
653531,Model C,68528.17,2021-07-14,VQ26LWI8RVT4
272353,Model C,83069.86,2021-07-14,E5ODPO4YOWO4
345906,Model D,76661.74,2021-07-14,B6C9XKT4H70Q
246756,Model C,74618.0,2021-07-14,9NV05B4TOPHN
828353,Model D,81315.86,2021-07-15,YA6WUF8PGMLJ
694441,Model R,110328.18,2021-07-15,J7JJQ7F9ETW8
213854,Model C,74212.89,2021-07-15,BDCF210AR99U
581316,Model D,81323.03,2021-07-15,FV0F64TI7R8Q
117131,Model R,96652.37,2021-07-15,T81WM2PB7SOW
780740,Model D,95031.14,2021-07-15,KCWSY00B4EJA
480189,Model D,95767.74,2021-07-15,PM50ET5BCXLB
661388,Model C,79749.38,2021-07-15,FB8QTSYGADTH
808437,Model R,106692.73,2021-07-15,K508EO3EG46C
783296,Model D,82225.25,2021-07-15,RAFH9UQ776JX
589649,Model D,87392.29,2021-07-16,B8XVZS17CFNI
693130,Model C,80192.64,2021-07-16,UVP928BEP6E5
254495,Model R,116568.72,2021-07-16,4SAKRQ0T3CTZ
888720,Model R,94136.65,2021-07-16,7RYH9IB23GEW
595207,Model D,75165.78,2021-07-16,3PG900FANKKJ
661707,Model D,92937.23,2021-07-16,8P92BVWJ5CB4
553090,Model R,117415.2,2021-07-16,7NF6X86J1LNR
127685,Model D,84265.41,2021-07-16,6QMZZGI2K5MM
351159,Model C,81876.92,2021-07-16,FVZF1ST7DU7Z
540105,Model R,100023.48,2021-07-17,M10S5U1WRAYN
454416,Model R,116358.35,2021-07-17,W71Z52CQ8XDJ
842230,Model C,75708.32,2021-07-18,EDIJP6RF0XWW
719784,Model R,95475.21,2021-07-18,WUR5AK6S39C0
234385,Model D,79880.03,2021-07-18,3V3G1O5IKJ3E
323451,Model R,117233.72,2021-07-18,TSCMOG6T18C9
819782,Model C,80990.04,2021-07-18,RR84WM5606BZ
401826,Model R,92793.14,2021-07-19,1QULHUXO86IB
291315,Model R,111917.12,2021-07-19,W8VLBGVPI8U0
447018,Model D,76376.51,2021-07-19,087HK6MWIOHU
291529,Model R,113850.01,2021-07-19,CF8T1LP79S7T
993819,Model C,72324.7,2021-07-19,HCAGEBHQUGQH
470313,Model D,94360.32,2021-07-19,PN79TTXQ4GAM
475615,Model D,87340.91,2021-07-19,KDWRKUA9VO6Y
390808,Model R,107184.75,2021-07-20,EBM8E4NXAJCO
270931,Model C,82462.36,2021-07-20,WBW3F45T1EDT
667600,Model D,80368.48,2021-07-20,BB2N3HIR3QIM
365363,Model R,119552.44,2021-07-20,79UXQGNZLJTR
719704,Model C,83733.26,2021-07-20,9JGLPFIGR3VO
875726,Model C,74159.66,2021-07-20,YJC4SJDXOEA6
981264,Model C,71106.09,2021-07-21,ECWG256KFZN6
564211,Model C,71754.55,2021-07-21,OIGT59WIW0W2
362054,Model R,94714.47,2021-07-21,7FJDVJKN2T4R
261530,Model D,94459.24,2021-07-21,KTUKGL3SEPRB
193403,Model R,93637.43,2021-07-21,WHPJQWKO98O5
993133,Model D,82816.19,2021-07-21,89MFWP0D5Y9J
362822,Model R,96557.61,2021-07-22,U3G3OFTGF7AT
394221,Model D,95994.04,2021-07-22,59SQHIDHPCOQ
492929,Model D,81868.25,2021-07-22,F1BWKIJWE16D
938160,Model C,82024.3,2021-07-22,ITJFFVP058D6
520454,Model R,115696.54,2021-07-23,MUNEA57BL3C2
734151,Model R,97038.98,2021-07-23,APACEUJAAWN8
437775,Model R,107327.86,2021-07-23,CU2BSB18USBO
893779,Model R,100823.65,2021-07-23,9YYEAUUMAM4S
270933,Model D,81447.09,2021-07-23,1UBIOC0373J5
771528,Model D,87917.28,2021-07-24,SXHXYYZ3V8H5
384688,Model R,96626.82,2021-07-24,JE3IXLZ2AH8A
603436,Model D,82962.09,2021-07-24,GHKD7KEEX0JB
543983,Model R,118076.27,2021-07-24,YT9F7TTCWHFD
173947,Model D,89810.81,2021-07-24,CM7JEU1CAT1L
428057,Model R,94288.31,2021-07-25,2DW95F67R3L4
150553,Model D,74204.35,2021-07-25,01U1WJUZFY8E
232285,Model R,111430.3,2021-07-25,M6D5BMF13ICJ
495662,Model D,85127.36,2021-07-25,DSVNNVTAUYOI
475285,Model C,81966.76,2021-07-26,RT27MIU59615
823209,Model D,76133.27,2021-07-26,XTWZMXBVHDVN
745800,Model C,66070.28,2021-07-26,6NKE9NOTCBW8
165010,Model C,82317.22,2021-07-26,UFAXJZI36VO9
815695,Model R,95714.07,2021-07-26,92VX7B8328FL
206253,Model C,72155.11,2021-07-26,MB3DZYVP9QYU
357756,Model D,92984.94,2021-07-27,XAVG0O4FW2W4
604026,Model D,84357.11,2021-07-27,33SZXJVXYBOA
195479,Model R,116493.83,2021-07-27,5VVKS42RLC5K
186152,Model C,79516.24,2021-07-27,EYXAREPQXIB0
571608,Model R,99834.8,2021-07-27,R8ACPOUQAXSV
771608,Model C,72560.87,2021-07-27,GTBF7SAL3NMX
772733,Model C,65811.2,2021-07-28,176CGBISSG37
816822,Model C,66186.8,2021-07-29,9HL7VU0V2ALB
526665,Model D,86486.66,2021-07-29,M3OUZYAABVD5
973998,Model C,69872.1,2021-07-29,2FQABLQTEM2K
683918,Model R,118375.48,2021-07-29,SPV85XGK3C7Z
964255,Model C,66219.85,2021-07-29,DJ9LT7PPTL8B
218109,Model R,93401.68,2021-07-29,HSKJDUMP1SPY
944455,Model D,79281.59,2021-07-29,VGBSS0WTUM61
831685,Model R,109309.51,2021-07-29,GERJKTQZ3O4Y
917699,Model D,74653.17,2021-07-30,G3089AKQFQI9
514881,Model C,80487.83,2021-07-30,5T3EJ56S0AF5
657392,Model C,69671.47,2021-07-30,9GUT7GZJ9TPA
561944,Model R,99937.45,2021-07-30,ZJ3PL5SHEFUJ
886618,Model R,109778.73,2021-07-30,2DZO54N6Y4SS
565390,Model R,113211.65,2021-07-30,7IYRDNP2O45M
742715,Model C,68531.45,2021-07-31,K5JSGNH28O8M
327954,Model R,94581.37,2021-07-31,HA05IEMWI6XQ
770279,Model D,86527.85,2021-07-31,YGX6XOO6PZJI
207340,Model R,109202.74,2021-07-31,JWDVYVJU1OIS
690270,Model R,108342.95,2021-07-31,06F0JMDZK81N
251602,Model D,74334.61,2021-07-31,VA1EJEND1P4I
245709,Model C,84276.34,2021-08-01,9B9598XARVPS
255670,Model R,97457.6,2021-08-01,TH58K9S4IE2G
719261,Model R,95683.25,2021-08-01,TNB7HOINR87K
916923,Model D,74464.75,2021-08-02,4IRZT182V88R
915104,Model C,65944.42,2021-08-02,9RMRWP2WPQ96
355746,Model C,81968.69,2021-08-02,8OO744WYIU10
771909,Model D,85024.0,2021-08-02,LTLZE7987ZBH
605518,Model R,104419.96,2021-08-03,T77ZCL7NYXXB
975853,Model D,94473.07,2021-08-03,2SUJBTDSL4L9
703260,Model R,101483.09,2021-08-03,HSZZ6ILP8T2J
412593,Model C,71963.01,2021-08-03,YBNF439MVKK4
752987,Model C,75149.06,2021-08-03,8DZ8IUOB5XU0
899440,Model C,78631.85,2021-08-03,POGD5Z28LHYB
636335,Model R,107085.41,2021-08-03,64BCPA5W9KZC
162155,Model C,71169.47,2021-08-04,TDUT5QNKYBIV
590796,Model D,83165.3,2021-08-04,4JYRD3FCX2ZE
761367,Model C,75462.16,2021-08-04,EUS1K20KCPE4
753662,Model C,80070.95,2021-08-05,LLANDC4FI79I
749529,Model R,96928.87,2021-08-05,DPS1ETQ66AKV
152611,Model R,96946.49,2021-08-05,TGYPQN4JUOPV
160162,Model C,75270.97,2021-08-05,V16T9HR3J3TN
186669,Model D,88985.86,2021-08-06,MONDNFQP1M0X
939495,Model R,107568.57,2021-08-06,Z40A3S228ZMW
117701,Model R,119533.32,2021-08-06,2IO532Z3Z1GZ
424839,Model C,73360.38,2021-08-06,I38AFW2PKLBB
833939,Model D,86173.55,2021-08-06,TKW9NJ61AL71
818587,Model R,117341.83,2021-08-06,EPXJIC3V14A9
325712,Model D,76310.78,2021-08-06,XD9DL2OVTT0A
608286,Model D,90792.47,2021-08-06,I1PH51AJBV0D
981736,Model R,118200.13,2021-08-06,4JU1WY8P2GFB
287877,Model D,87359.15,2021-08-06,1H2DRZ0ZCDD6
329531,Model D,93822.92,2021-08-06,L23NYY6AQUZH
926377,Model D,78609.51,2021-08-07,GFBCHYTEM87I
574996,Model D,81035.96,2021-08-07,N1G032MGWTZ4
407965,Model R,98692.64,2021-08-08,L4XZH84RMM1K
890637,Model R,95515.87,2021-08-08,ITHS74HQ9SNY
124361,Model D,84695.73,2021-08-08,PPO3E5P5MN6O
733079,Model C,77407.0,2021-08-08,RL7L2EK2AQBW
302826,Model C,82777.43,2021-08-09,C7AESDRZYUSS
432115,Model C,69980.13,2021-08-09,5DKWMWF856BP
452029,Model C,66173.64,2021-08-09,TJSKKQJ1Y61W
494208,Model R,98209.31,2021-08-09,5AN6G9A1RWZQ
988516,Model D,79754.1,2021-08-10,IY2X8NUIZ5JC
387905,Model R,111832.54,2021-08-10,64O9Z8XKVLUW
686728,Model C,69766.79,2021-08-10,JAD8J2FLX411
253460,Model C,72979.67,2021-08-10,TTZ9UHMW16Y7
573411,Model C,83824.94,2021-08-10,JQO6WGHPN18W
421928,Model R,106461.8,2021-08-10,EDBRZ703MVU8
668941,Model C,72857.73,2021-08-11,ZUV9V5WSWCWH
921917,Model R,109556.48,2021-08-11,PMU78W4XKGXL
447595,Model R,97532.03,2021-08-11,VX4IER4WIY81
483928,Model R,94213.72,2021-08-11,WGWIU4JWI3P8
438846,Model D,86962.42,2021-08-11,RIQDVJWSYZWO
197947,Model D,92323.91,2021-08-11,XJN0MED8XMMO
733699,Model C,71907.84,2021-08-11,6Z6C1BSC5PGK
353522,Model C,70708.0,2021-08-13,NQV1KRAWKXEW
208926,Model R,118853.33,2021-08-13,ZLM9WC4Z23K9
753058,Model C,73482.97,2021-08-13,ZBOI2QQHZ82Q
712702,Model D,83936.81,2021-08-13,J4TJHG7R2CPA
397695,Model C,67131.17,2021-08-13,E24P42VTJFGO
336381,Model D,75386.23,2021-08-13,DNCCMCHQ56T4
555257,Model C,79513.39,2021-08-14,URLDSEFIDF6U
931090,Model R,97490.07,2021-08-14,60CLQ4RQ8AI3
564307,Model D,94427.55,2021-08-14,XA28WH4DQ6BL
112388,Model D,78896.58,2021-08-14,L17SRJD78G31
713269,Model C,77635.93,2021-08-14,KIF3SWKP1BEF
574838,Model C,80319.2,2021-08-14,G72L6D47VMX6
314184,Model R,106757.67,2021-08-15,370EVZ2KUZQW
218364,Model C,83997.98,2021-08-15,BXYVWG5L7UW8
287377,Model R,95055.81,2021-08-15,QEVJCTRW64F0
625121,Model C,67777.65,2021-08-16,I9RVN2H7MACB
805119,Model D,87919.32,2021-08-16,D7K2X2V7488T
867165,Model R,102626.84,2021-08-16,E1OUK40IQV9O
118297,Model C,69333.28,2021-08-17,NNG0PCDD8LTP
452207,Model C,65503.08,2021-08-17,8DG8GMBFQ0YC
191084,Model C,80420.2,2021-08-17,4QT3ZKSH27DI
737310,Model C,72270.91,2021-08-17,L0IWA6AKWKO3
339051,Model D,88246.07,2021-08-17,ZVRCWJR0YCLS
290040,Model C,75057.37,2021-08-17,9HDZBZIT6D3V
423101,Model D,80526.62,2021-08-18,Q0ZKOVBTFIUL
722320,Model R,103042.06,2021-08-18,2ZDY8G2N7VEV
394339,Model C,79093.1,2021-08-18,JMGGWCSC9B7U
144954,Model C,69297.43,2021-08-19,TV4G6CC8EJE8
656853,Model R,104487.52,2021-08-19,KOZDW9QZMYT3
609361,Model D,90658.85,2021-08-19,ZFPVRJB536GI
625476,Model D,81367.52,2021-08-19,9KQOXMK88BBM
235573,Model R,103500.52,2021-08-19,7D0F0HDENBDY
128508,Model C,74396.46,2021-08-19,NER2FADWVDYW
457582,Model R,101927.34,2021-08-20,TJF1BONBK4ON
680020,Model C,80651.59,2021-08-20,YMUA5CK71FYE
297324,Model C,79394.35,2021-08-20,QOZBPYDUPBZI
767859,Model R,108260.06,2021-08-20,N78WB9Y5FY53
241962,Model C,75574.03,2021-08-20,ZEGGDU8G24FJ
791431,Model C,77920.08,2021-08-20,IZ7YN4SGN69Z
893221,Model R,99720.43,2021-08-20,01TXWN6VBWQ6
455764,Model D,79501.01,2021-08-20,7MAZINYSJAVQ
191481,Model R,97113.75,2021-08-21,3OLR8QUNKKB5
702345,Model R,93651.49,2021-08-21,SW1X5K36AMJN
559601,Model D,93427.5,2021-08-22,5H9JR5WGXFAO
743826,Model D,86586.67,2021-08-22,CY1O3KQCL7S8
361367,Model D,88726.44,2021-08-22,KAE22M7JSR79
588472,Model D,89810.19,2021-08-22,7XDBCY0KI3NE
491698,Model R,105518.98,2021-08-23,EBYCM03G6XYP
742576,Model R,97658.98,2021-08-23,WCENUTYGKZHV
463397,Model C,84331.28,2021-08-23,959DF906944Z
902292,Model C,83184.19,2021-08-23,MX0SBC03YE23
572955,Model C,69511.85,2021-08-23,ADF5BILEKW5C
654973,Model R,96736.82,2021-08-24,CJCB21NBT92P
451145,Model D,94970.43,2021-08-24,7S0TTTUW47E3
736968,Model C,65318.64,2021-08-24,FT179HS2U92O
723766,Model R,104286.33,2021-08-24,87THJWAQ96P5
540706,Model D,77901.97,2021-08-24,CF55CW5M1ROD
467489,Model C,70003.82,2021-08-24,U567DPD0HEKD
935397,Model D,94733.82,2021-08-25,S3ETDUPF9W3J
511947,Model D,76638.11,2021-08-25,WRG4D1H6WBMH
600805,Model D,76356.33,2021-08-25,0GI7N9I1FYY4
170796,Model C,78714.74,2021-08-25,XKJ09UGPU9UE
843589,Model R,110999.29,2021-08-25,UI4XV04489PC
418248,Model R,97458.19,2021-08-25,NGCULVMUO4EP
505265,Model D,89370.35,2021-08-25,EUVHOOTWI8EO
412849,Model R,93134.74,2021-08-25,YKKEPFYUKXLM
862579,Model R,92302.26,2021-08-26,EX5IKYISKUG2
269212,Model R,103583.04,2021-08-26,XJJON93U6DVU
742019,Model D,90729.4,2021-08-26,PBWHZKCBX1CE
853151,Model C,68693.55,2021-08-26,OVFPNI08HKGO
417467,Model D,95898.56,2021-08-26,2XTSSDXK10OX
680408,Model C,69701.11,2021-08-26,BY9SH5MZ4877
993912,Model C,77147.51,2021-08-26,TTNJ73NJ3RO9
464178,Model R,100047.11,2021-08-26,I8BFB3O6YEDE
361057,Model D,74378.57,2021-08-26,IEAE78DDSXQX
591068,Model C,69342.04,2021-08-27,OCEQ1BH7XY3N
821944,Model D,79916.73,2021-08-27,D99TLOC1JPJO
260336,Model R,95669.47,2021-08-27,WR3D58W23XW4
814822,Model D,95074.63,2021-08-27,3HQLDM83HNLH
526803,Model D,88418.83,2021-08-27,L7Z0SNH5A2WM
412911,Model D,94979.17,2021-08-27,MN9NAOMMNRYH
809878,Model R,117040.78,2021-08-27,6BC01EO2QSMG
757822,Model R,96502.4,2021-08-27,4ZU8HTO0UDH4
800362,Model R,95445.11,2021-08-28,IAI4OL8R2RAY
905029,Model C,75290.9,2021-08-28,IJPRZCT4ZQ4B
743629,Model R,101380.83,2021-08-28,9CB79QB31677
677192,Model R,97724.33,2021-08-28,W66LCKRYOTT2
185276,Model R,117112.72,2021-08-28,P9E95FMHQB0K
564068,Model D,88368.39,2021-08-28,LWVHXL4YZ3YP
840176,Model C,78636.45,2021-08-29,C9QEYKZ8BMTQ
354435,Model D,86137.19,2021-08-29,FL72AOB04AP4
303107,Model D,79142.87,2021-08-30,QUMP5YO03SIL
329456,Model C,72369.25,2021-08-30,1DPP1T3F27RO
149468,Model D,83626.21,2021-08-30,HWPOB5I9KZAU
771991,Model C,77441.0,2021-08-30,KXX4LR2XD8SR
623051,Model D,76301.55,2021-08-30,5P8CU9Z5EXK3
422230,Model C,83369.73,2021-08-30,MNWERXS6KPKH
576079,Model C,67655.92,2021-08-31,YCRVQJ8JG6YT
693599,Model R,94023.85,2021-08-31,Y3I2MUB9FIYP
380376,Model R,97058.14,2021-08-31,Y7JSSE1KT1NC
984819,Model D,80603.88,2021-08-31,EERNQI6WP0NY
142681,Model R,109850.55,2021-08-31,CGN7DNCF04CE
391801,Model C,77161.8,2021-08-31,93HCQ7V53N44
299772,Model D,83437.21,2021-08-31,2VQCZ57F10VL
777001,Model D,87571.69,2021-08-31,7KNWWQXAQAOT
334192,Model R,100951.56,2021-08-31,KX5ZSE7N8V7Y
248632,Model C,79462.8,2021-08-31,WV6J4Q21Y1CF
385414,Model C,66797.19,2021-08-31,YB96G2PMDZNY
404177,Model R,99194.47,2021-09-01,1P8R7SIE23A1
888200,Model C,79539.41,2021-09-01,20EMGBDOKSM0
976143,Model R,105303.27,2021-09-01,SKOWPT7X1OO2
978856,Model C,81929.19,2021-09-01,YWGTEXEPCEFL
540653,Model R,100158.09,2021-09-01,M9JRJZ4G7TM8
358174,Model C,83077.94,2021-09-01,LSFZZX9MO8ZH
985043,Model D,81033.34,2021-09-01,J5PMOFEY35JI
453037,Model C,71466.15,2021-09-01,A2O4AHENIZFA
805939,Model D,84753.46,2021-09-02,O5NBG9QQV2KG
578173,Model C,78938.33,2021-09-02,MUNGYOQO4RJI
887409,Model D,95256.84,2021-09-02,RJSEXFLXAYQQ
836576,Model D,93549.3,2021-09-02,VLL34ZFQP92F
422836,Model C,70857.86,2021-09-02,XPMR9B124NE7
332757,Model D,88144.36,2021-09-02,7183292F9QA1
519912,Model C,81598.97,2021-09-02,DDF3X5GVQTB4
310616,Model C,81100.81,2021-09-03,W6HUR9VLIOP9
175022,Model D,90082.23,2021-09-03,J8D80I7W8E7A
375633,Model R,114487.03,2021-09-03,KVJYY879V1YT
560904,Model C,76243.27,2021-09-03,PDZRA6KMGCLR
689154,Model R,109558.82,2021-09-03,IWYZIIOE3N28
996606,Model R,116181.58,2021-09-03,WIHEKHDUGE3Q
886500,Model D,78194.08,2021-09-03,3XAZRT34ZJUB
872771,Model D,80252.56,2021-09-04,8WX4AUJ2ZZ9H
173576,Model D,94469.39,2021-09-04,70PLP5JF6BUU
945451,Model R,109177.92,2021-09-04,C7SOCOLGM5MG
349209,Model D,82030.43,2021-09-04,FZJ4IU1DQGGI
205373,Model R,92064.68,2021-09-04,VIG28T3KBE22
200484,Model C,74192.69,2021-09-05,IT51BMQY9K82
456517,Model C,66440.2,2021-09-05,UCYBON57PBJF
569145,Model R,98453.86,2021-09-05,98VSZCLO56EQ
210977,Model R,93642.27,2021-09-05,GHGIBM4GPDXQ
946962,Model R,94595.04,2021-09-06,CCSBISKK1HMY
170667,Model D,96307.75,2021-09-06,YNJ9IBNO08M9
913612,Model D,87020.23,2021-09-06,WGLNZZJDOH52
173480,Model D,75176.49,2021-09-06,INJSVFLO9C99
937789,Model D,89866.82,2021-09-06,3RODAP9EJ1T0
375611,Model D,87340.48,2021-09-07,HTEKCKZBOZID
858075,Model C,70661.87,2021-09-07,GCSTV318S4RJ
662108,Model R,94555.32,2021-09-07,6X8PTZ2BHQ9B
537367,Model D,96352.98,2021-09-07,S0NV3IIEOKZR
169330,Model C,69634.86,2021-09-07,R0IZPBBF6AXW
266762,Model C,68210.77,2021-09-07,G1E2UXTKNI56
336565,Model R,109580.77,2021-09-07,8FAHR5TZG2C6
986347,Model R,95904.14,2021-09-08,AQQAL3WGIZ8M
708815,Model R,103958.71,2021-09-08,TJA28S94PRQD
159472,Model R,105423.62,2021-09-08,P3ECF40X5T7U
965574,Model R,95310.34,2021-09-08,19CNEQDZ9HB3
695628,Model C,76717.66,2021-09-08,WDGTZFAJ7YL5
840769,Model C,71521.35,2021-09-09,1RM169TZG4FA
923915,Model D,81679.58,2021-09-09,UTKL8EAAUDCB
433475,Model R,92586.57,2021-09-09,S55XK9KO0DAQ
715574,Model D,96106.78,2021-09-10,8SVW3TWKFBHI
456125,Model C,71163.09,2021-09-10,5IZASM6H9RUD
607511,Model D,96452.34,2021-09-10,HDE83IP9TCH5
407629,Model D,90423.08,2021-09-10,92IWEXIYUI0B
384029,Model C,80871.24,2021-09-10,7XU4NCE5O3LY
933962,Model D,81514.45,2021-09-10,YDR400CF38MK
544234,Model C,77120.25,2021-09-11,5J7K61ZI6K1K
190215,Model R,92323.17,2021-09-11,NG3MZB0GM6R5
143041,Model C,81712.36,2021-09-11,QOY58QP491B7
995174,Model C,71518.54,2021-09-11,6GHX8N41G6SK
115276,Model R,94314.29,2021-09-11,GWT09FGM86YI
573248,Model D,87808.05,2021-09-12,QWG91HIBUTUT
838240,Model D,85078.11,2021-09-12,ZZ86QO2H4DPU
862306,Model R,115831.5,2021-09-12,V6BPV7B6ID9C
595737,Model D,94935.81,2021-09-13,VF8IOI4N59FO
754373,Model D,77619.3,2021-09-13,K35J3UC6TRA5
195716,Model D,80148.46,2021-09-13,FARICE1FPWGN
758435,Model C,66937.01,2021-09-13,2K67GIIHNNUL
361843,Model R,118406.67,2021-09-13,4SCM3QHGKR5W
740589,Model C,83085.32,2021-09-14,PE3M937E4VFT
838784,Model D,93313.03,2021-09-14,X76JP4LY4IYK
167557,Model C,79153.55,2021-09-14,ZHJAN61DPLTX
208186,Model C,83356.39,2021-09-14,RQKUMTZQDU5X
327426,Model D,80359.51,2021-09-15,L4EXP358EWWN
688262,Model C,78346.36,2021-09-15,6YZO4P370QD3
742462,Model D,86563.16,2021-09-15,KZUSPV9ZEM3Y
418845,Model R,97379.86,2021-09-15,HEZF2KNUN7TC
160258,Model R,96595.8,2021-09-16,5HOTUOUVK3QQ
542651,Model C,72684.46,2021-09-16,1REVXC2WPKFL
244229,Model R,106938.99,2021-09-16,89EJ9C5FXLRE
922545,Model R,116295.13,2021-09-16,ZFGSQRYVIIIQ
471619,Model D,80227.25,2021-09-16,CV6NFOHFXY3M
150604,Model D,76984.39,2021-09-17,T8KYOOB3IIV2
798998,Model C,73825.1,2021-09-17,R8D6BOJ9H9YB
965969,Model R,102834.25,2021-09-18,IFMYRESRR8PT
540453,Model R,103555.06,2021-09-18,GNACTC11IO3C
511405,Model R,113495.5,2021-09-18,5NIX9NCG4ZJS
277174,Model C,75270.37,2021-09-19,75YUXB1RMPNZ
409009,Model R,112947.89,2021-09-19,O3OZLJ6ZYPA9
406483,Model D,95263.98,2021-09-19,ENVKEBBSIQZI
567871,Model D,79871.4,2021-09-19,GGJA53OJZYG1
431916,Model C,73905.58,2021-09-20,IA99B4IFO6DX
478350,Model C,79436.02,2021-09-20,HVPZE4NG3F87
334067,Model C,69321.73,2021-09-20,60TNQ4MUJVMS
550140,Model C,76610.44,2021-09-20,S86BMY9U9XJN
516985,Model D,91689.33,2021-09-21,Y3WUJ2FWJ8W4
851416,Model R,117237.3,2021-09-21,OAHSH7ZVRWA8
625656,Model D,89076.92,2021-09-21,ALWYSPT864OZ
888510,Model D,95694.87,2021-09-21,VFIYVV52MSAM
645062,Model C,79661.78,2021-09-21,669Y0UUKDBM2
190658,Model C,79590.15,2021-09-22,577FXD1MDQ1Q
639076,Model D,76500.9,2021-09-22,4GR90Z0DPMMZ
901666,Model C,82555.22,2021-09-22,8FZ472KV05KB
726941,Model D,89786.1,2021-09-22,EKBRVM2LN2O3
111667,Model R,93805.02,2021-09-22,QU18B5S7TSH7
362298,Model R,92345.6,2021-09-22,CUFTIQ4GOWU6
984630,Model C,70802.83,2021-09-22,X9IFZ8D35QJY
403801,Model R,110336.3,2021-09-22,ARAR5TZXYABY
777104,Model D,89096.4,2021-09-23,LFYI631CS8MP
969815,Model D,93729.4,2021-09-23,SP4U9GYZU59E
972329,Model R,98580.4,2021-09-24,8YZX6CUFTJII
502532,Model R,119370.23,2021-09-24,SG155SG7R5RX
360503,Model C,77151.91,2021-09-24,D49ETG7WGONV
209493,Model R,92251.93,2021-09-25,UEP9L85EA5EV
467125,Model C,65466.66,2021-09-25,ZLPJCLOG0JJ1
422879,Model C,79777.24,2021-09-25,EQ0CJ8UHY452
622757,Model R,102631.25,2021-09-25,G9BNORS6X4AW
600511,Model D,75441.22,2021-09-25,BQT3YMD2AOAH
615858,Model D,91067.67,2021-09-26,E9HP1SYMB0FA
427144,Model C,84372.17,2021-09-26,RUI06OVGX5QI
976825,Model R,109086.11,2021-09-26,GIW1TZWYXC3B
324763,Model C,68327.91,2021-09-26,ZGH1IMOEPQPE
233510,Model C,69722.79,2021-09-27,XZIZ441N4H5F
844634,Model C,76241.51,2021-09-27,POUK5FHJAVQQ
330013,Model R,109546.81,2021-09-27,Q3O6D8C1FCPM
433906,Model D,88561.88,2021-09-27,B192K31XERSC
550645,Model R,109748.41,2021-09-27,MJACCZP6ARWE
144202,Model D,93366.08,2021-09-27,VR9FDIQEHQUE
263591,Model D,77015.94,2021-09-28,EA7ZF9J7ZX09
909679,Model D,90567.28,2021-09-28,YH3ED3T1NCAX
140854,Model R,106740.49,2021-09-28,VLIAE9MHADPZ
649392,Model R,100175.97,2021-09-28,2XFB22J2Q0KS
354440,Model R,106417.12,2021-09-28,HSDIDAGXZD82
693881,Model D,92598.37,2021-09-28,TT9MTV51PFFN
614499,Model D,85298.34,2021-09-28,E3F5KKS513IC
664934,Model D,76166.02,2021-09-28,LMFFMN7QC7WG
324936,Model D,80835.45,2021-09-29,YF1D1EQA984J
953920,Model C,66164.74,2021-09-29,FBBC6MPYQGTW
306817,Model R,97455.85,2021-09-29,2ZZFZCZ0G5EN
745447,Model C,65840.07,2021-09-29,X08ESVGQOJ0J
173121,Model D,85759.47,2021-09-29,E7KWCQZ97OK5
415889,Model R,92048.76,2021-09-29,JAXA2EME1LAL
324534,Model R,102130.4,2021-09-29,D3APAABYK8QI
236596,Model C,66831.95,2021-09-30,4FEZ7OQXK39Q
928136,Model R,111887.95,2021-09-30,X5A6H15AP3W1
590743,Model C,69237.05,2021-09-30,NKUQVL2TSRJ1
519682,Model C,70897.02,2021-09-30,NY1NXSKN3CDX
411333,Model C,66311.64,2021-10-01,4BF1HU7Z78BC
518165,Model D,93931.39,2021-10-01,708QYVKQEUPF
430153,Model R,116475.51,2021-10-01,I3SUE94Y6PF6
727811,Model R,97319.23,2021-10-01,0CCQONNJ4DFX
116853,Model D,80029.07,2021-10-01,9T4ABVUALU2A
139562,Model D,90958.31,2021-10-01,IE9QSP8UI8HL
219437,Model R,92401.01,2021-10-02,FRB8BV3YR2AE
393605,Model D,95907.1,2021-10-02,PL46XCXTBPNS
658508,Model R,118809.38,2021-10-02,SB14UWS98YGB
233462,Model D,90904.21,2021-10-02,KRZ936IRPR27
112632,Model D,90782.82,2021-10-02,FC5QGBW74AII
962417,Model R,94962.32,2021-10-02,MUBI6H3GYA70
804348,Model C,76575.38,2021-10-03,TZJQ6S9JYL2C
832287,Model C,73147.35,2021-10-03,CUI2GNPQBU9K
162730,Model R,104652.01,2021-10-04,EEXHQ6ZS9HYY
246842,Model D,80698.68,2021-10-04,FRGQBOHGGONY
574814,Model R,95163.01,2021-10-04,01XHMY4Y8DYK
868600,Model C,66825.55,2021-10-04,PNERTTFQJ7NU
538094,Model C,73776.67,2021-10-04,5M4YAQRCPR59
814113,Model C,80898.0,2021-10-04,5S8MPJGF5K9E
203348,Model C,73673.15,2021-10-04,XQA6KX5YWGBI
588088,Model D,83497.9,2021-10-05,UJUU9OFSBEKW
212858,Model D,95334.37,2021-10-05,ANBUZWR0OPUU
860964,Model D,77934.53,2021-10-05,R02IR88A0PA9
112733,Model D,80424.45,2021-10-06,OLE1TK2J1K1P
527051,Model D,81285.23,2021-10-06,HAPGPPIIYO3F
595593,Model R,106153.33,2021-10-06,UCKI84QGL3Z9
743205,Model R,105936.37,2021-10-06,A2LZ5FFKT5LC
336701,Model R,110130.4,2021-10-06,Z768CJGOLOOZ
639151,Model D,95711.59,2021-10-06,G46D7KWZ61GQ
517107,Model R,95111.08,2021-10-07,PRWVKHF6P0AV
192745,Model R,110753.93,2021-10-07,IFGCS6346WVS
449510,Model D,81276.62,2021-10-07,JKV4PLRWQJBH
216639,Model C,79305.0,2021-10-07,KAIREGAEJD5G
205080,Model R,97994.04,2021-10-07,CYL397DF05CA
827063,Model R,115981.52,2021-10-07,PWO9XA7LKI2E
309264,Model R,92155.1,2021-10-07,6GDG18ESSR9W
847487,Model C,73928.89,2021-10-08,4SLRGY9QKCA1
909028,Model D,86096.07,2021-10-08,1HMBVIFOFLTZ
352258,Model R,94664.84,2021-10-08,37T64YCJX3AC
291728,Model C,72567.87,2021-10-08,ZOYFAIO4Q5KE
763713,Model R,108693.23,2021-10-08,NYAO4Q14ZUVC
984569,Model C,82255.62,2021-10-08,7E0J3WDMDHJ7
957869,Model D,91967.59,2021-10-09,08ENHIIIC0PZ
464257,Model R,103967.56,2021-10-09,JO1G51GWJKNX
459318,Model D,85574.73,2021-10-09,NXDHF1J5UP1S
941963,Model R,115196.26,2021-10-09,M6E9HCTUG0P8
918291,Model D,76243.33,2021-10-09,1JC06T67HPBS
738065,Model R,97959.71,2021-10-10,TL99534JRRM7
879736,Model R,118700.29,2021-10-10,QT6CGEPVE366
542383,Model D,86122.32,2021-10-10,XHAHSSXXK8I1
654553,Model D,90107.67,2021-10-10,VIP5GQ8NZ0YR
405603,Model C,81531.02,2021-10-11,Q1FI4KHA5PSX
189646,Model D,78748.74,2021-10-11,OPE78RIVB1IP
201091,Model R,101118.43,2021-10-11,NY59BLCI483U
727856,Model R,107584.54,2021-10-11,L7VEI09TVL3B
836552,Model D,94564.33,2021-10-11,DCT70H2FUVV3
982234,Model D,76663.02,2021-10-11,TRG5A5D9ISUQ
122386,Model R,106089.37,2021-10-11,VMMLZ46ZBM18
274803,Model D,94873.5,2021-10-11,28LJAM8IKLY8
713669,Model R,113224.35,2021-10-11,SSB0SXIDKR8G
469435,Model R,103697.42,2021-10-12,IQ82OH4KWSA5
783485,Model R,93236.14,2021-10-12,Z5EJBR4QLBCZ
357676,Model C,68185.92,2021-10-12,QB6WX2L5D3Z9
240986,Model R,93472.41,2021-10-12,6VP0IW0TKUL9
510602,Model R,115388.55,2021-10-12,QYC0UGFVG7UA
134375,Model C,84248.63,2021-10-12,AOTU722EWCK2
139102,Model D,81240.75,2021-10-12,H4JKX66N83M8
562294,Model R,104812.87,2021-10-13,NNZFF9ZALLKN
328080,Model R,95362.38,2021-10-13,BWHV0XJZD9OJ
680774,Model C,66005.67,2021-10-13,OGN0MQ2LEUJD
884707,Model D,82234.79,2021-10-13,AXSM2VHUST8Q
829158,Model R,101488.29,2021-10-13,3N4KHJO00BXW
763584,Model D,86788.62,2021-10-13,G5NEQFGT4IY2
894049,Model R,94244.76,2021-10-13,U9UTYK0PO15K
728642,Model C,65642.44,2021-10-14,9H93MJUNEU0R
293421,Model C,70910.65,2021-10-14,YKZIEWJFDRL5
543372,Model D,80348.6,2021-10-14,GDH3WSJUFWYE
443572,Model D,92291.51,2021-10-14,6CNZTHWHMS14
369553,Model C,68923.63,2021-10-14,4L3G42VE3KFN
124412,Model D,92042.94,2021-10-14,TQU2PBA5Y7ID
633608,Model C,66193.93,2021-10-14,SHRW7Y4NC65M
149481,Model C,76361.47,2021-10-15,21X5ML584K50
193475,Model C,68024.51,2021-10-15,62O8FM1JRSDL
126044,Model D,91210.04,2021-10-15,ZBYAU09FMAD0
443719,Model D,96176.23,2021-10-15,SZOZUU7WJH40
237280,Model D,79492.4,2021-10-16,FA5T9EAET5I8
228720,Model R,99005.68,2021-10-16,J5GXKBHYW4UU
903810,Model R,110738.12,2021-10-17,JZAU4R4BHMT9
213561,Model R,95777.93,2021-10-17,GFREQ2P40RNZ
961835,Model C,72876.84,2021-10-17,OJP126SPHKHT
143466,Model D,92812.21,2021-10-17,2NOS64Q6JVVC
409936,Model R,99818.62,2021-10-17,BHI0W2D1KDQV
434329,Model C,70669.78,2021-10-17,L1WK6CPSKHKR
900385,Model R,115815.67,2021-10-18,ZZ2WZY09W2AV
497872,Model R,113792.05,2021-10-18,EGBLLHLWB5BG
610735,Model R,111769.9,2021-10-18,8EB5JQDSPL75
613200,Model C,82637.71,2021-10-18,XUHNAVRKL5E6
715150,Model R,98407.72,2021-10-18,48TCOJUZ2RH2
842205,Model R,115603.01,2021-10-18,J0I61V0FSLPM
730721,Model D,92277.65,2021-10-18,FFS2JLXCXQB6
150324,Model R,102601.99,2021-10-18,KNZR48ZS2YE7
421065,Model D,83954.81,2021-10-18,9N0Z5DXHS53W
290182,Model R,92516.75,2021-10-18,N33AEJLODHJZ
802119,Model R,105309.81,2021-10-18,MQD7U5BEJP8B
756750,Model R,95897.49,2021-10-19,045ICH7KD7QW
273854,Model C,72200.38,2021-10-19,ZMFLSZ1RGO0K
622862,Model C,68158.11,2021-10-19,YQ8FU9QV9WMI
905364,Model R,110344.95,2021-10-19,VERP4HCHVAPS
121638,Model R,103260.99,2021-10-19,ECHVEQCBVBYC
606163,Model D,75659.79,2021-10-19,BQAUHQH4HTF8
601960,Model R,109163.34,2021-10-20,6BL76BPEXNNW
524120,Model C,83849.99,2021-10-20,YZCCU6RPE038
743877,Model C,69916.99,2021-10-20,DNGMPQ75AVYH
194856,Model D,81424.06,2021-10-20,JO8ZVBR8HJZR
564541,Model D,81568.57,2021-10-20,68ONM0RF8U4T
148822,Model D,91602.29,2021-10-20,7SLDQ1KHLL9H
737465,Model D,79676.62,2021-10-20,IO64NHDDBK2A
965536,Model C,79994.67,2021-10-20,ACB2OIN0UVYO
628185,Model D,84166.38,2021-10-21,JX519XWQCRW0
111405,Model D,89465.8,2021-10-21,NI39LF5MINRH
185857,Model C,74783.45,2021-10-21,Z1MOAOLOF4BD
811888,Model D,81634.97,2021-10-21,1G5US7BS6K8D
792531,Model D,91965.34,2021-10-22,P9J5KX30MBC3
274585,Model D,92271.73,2021-10-22,E00YS3RILG5N
985645,Model C,77871.31,2021-10-22,MYDW5S7CP5SS
708704,Model D,88396.35,2021-10-23,CK6WD7I03EIX
858971,Model R,93168.6,2021-10-23,RTIAIHQYZ2Z7
261272,Model C,83767.6,2021-10-23,2WRDD6OY4WZY
874016,Model D,84818.29,2021-10-23,1ANCIB39VT00
200550,Model C,81650.21,2021-10-24,IU58C9ZA9EY7
538836,Model R,103255.22,2021-10-24,1X5TGVM2RPJB
317736,Model D,77875.83,2021-10-24,RAPBC28D69S1
676042,Model C,67529.72,2021-10-24,H373UJVKZ6V6
647746,Model C,68760.71,2021-10-24,XZBCWEMM9J1G
932859,Model C,83610.61,2021-10-24,4WZGUPC6HZUZ
508351,Model C,68784.37,2021-10-24,WLQ5IN0I288P
890882,Model C,77205.26,2021-10-24,SSO784GQFPXN
724223,Model R,116355.66,2021-10-25,YQXKLQ04URUY
878792,Model C,75169.8,2021-10-25,LUT1TEHS30CL
849663,Model C,83264.96,2021-10-25,P8P16HCVP7X6
953011,Model D,95332.68,2021-10-25,Z9K9SI0X7O48
960676,Model R,109270.9,2021-10-25,9CVEGJ7Q6RRV
384187,Model C,79399.64,2021-10-25,O1VG49DEXS8A
979021,Model R,95221.32,2021-10-26,FKN6MRYNTNTI
573742,Model R,105512.53,2021-10-26,JP4231UQ7M1J
274288,Model R,96612.68,2021-10-26,9OEREOQA9RCP
798639,Model D,93160.1,2021-10-27,1P95QFONMLYD
845598,Model D,76231.86,2021-10-27,NNLDTTQ8SKNH
494850,Model C,83137.01,2021-10-27,0B2GCAZFOGDA
883698,Model D,85792.06,2021-10-27,N1Z80413E9EH
349635,Model C,70789.7,2021-10-27,FB79DQ18BMT2
446507,Model C,68457.63,2021-10-27,799I2KIURHT2
331873,Model C,77144.73,2021-10-28,ZOJ3G9DOA2JD
210394,Model R,117008.83,2021-10-28,A0B9U8CMXOWE
461548,Model D,91736.82,2021-10-29,PRID8NKD95WB
925270,Model R,95918.5,2021-10-29,HXBE6BRIH3GD
804100,Model D,80331.24,2021-10-29,ER9L51M7G2TN
155332,Model C,68102.79,2021-10-29,W8527M0FKXO0
908617,Model D,88487.33,2021-10-29,Q2BQE3QIUAXS
514089,Model R,102233.36,2021-10-29,404UR34PTWG5
247493,Model R,102285.01,2021-10-30,UTSH8TE3TXEI
953269,Model D,78086.28,2021-10-30,0ZL9TXQ9IJP8
194872,Model R,115602.72,2021-10-30,VVKZZYW3AK5E
947130,Model D,80816.75,2021-10-30,6IR3HQG5ZGHF
285186,Model R,100904.43,2021-10-30,SNA6JJW819PT
955461,Model C,80095.3,2021-10-30,S5ZS0T6TYEY6
284012,Model D,75520.0,2021-10-30,J8PDZ6B2QT7S
526322,Model D,80165.2,2021-10-31,6RGXUIBY0BGK
763337,Model R,109324.18,2021-10-31,R16B63AY4D92
505101,Model R,118476.29,2021-10-31,NEHRJJSZ1QLY
348120,Model C,73061.8,2021-10-31,LYVL110IZXWM
985248,Model R,119457.5,2021-10-31,1MSABV7EKEM4
265141,Model R,103418.02,2021-10-31,8MMN64O4I4GT
478608,Model R,103751.18,2021-10-31,TMSAPWGD5JPB
176001,Model C,81062.25,2021-10-31,1Y8LI1H9JXL3
858890,Model C,83926.31,2021-11-01,TDRKWD2NVSCY
311687,Model R,114184.33,2021-11-01,O5O9K6X198KY
484312,Model C,70067.58,2021-11-01,FPHU18HYL1HY
240282,Model C,65535.88,2021-11-02,W4TTDT5SAXAL
720386,Model R,97535.09,2021-11-02,ZGB859H81MNR
989351,Model R,92011.94,2021-11-02,K5G0GS1CLKZR
497613,Model R,96874.78,2021-11-02,P8164Y9T5P15
764371,Model C,65332.98,2021-11-02,3YOGFGVZIFEC
943520,Model C,72136.23,2021-11-02,ECSG39VLNMT6
131489,Model R,118289.85,2021-11-03,9HD7N6OV0QQ9
868887,Model R,105433.43,2021-11-03,NTR88BPFAP2N
283638,Model D,89475.76,2021-11-03,A40MS1N554YM
793705,Model D,96085.31,2021-11-03,7577X5FJ8KQU
491586,Model R,102680.28,2021-11-03,HGDFVKTKVSCX
715121,Model D,83696.83,2021-11-03,XZULCZMFSZZP
119910,Model C,67810.3,2021-11-03,XAXYV1TQ4SJQ
411465,Model C,71991.08,2021-11-04,SHPS0ISCJY4V
814620,Model R,114755.82,2021-11-04,TLC35RRAR7RL
949597,Model R,100625.49,2021-11-04,IP8I1AIMFDWV
367327,Model R,115923.44,2021-11-04,V80HWZZLL2B9
751355,Model D,94433.14,2021-11-05,BWU83QEGSEFO
125948,Model R,102589.04,2021-11-05,8SQTA7L17PLT
535088,Model C,77393.43,2021-11-05,YOS8BE2YGF7T
634974,Model C,75542.28,2021-11-05,TZGSFHJV8YMA
317330,Model R,94644.44,2021-11-05,1AVSRPWPFOUB
432050,Model C,78942.55,2021-11-06,AQO10QU53T0Q
247317,Model R,113691.63,2021-11-06,XL3INXI8CGIJ
513000,Model C,71461.71,2021-11-06,ML140EV5V1E0
532323,Model R,95965.6,2021-11-06,AQQQD9WH8W2J
612660,Model R,109809.68,2021-11-06,LTEPI6Z6HGQU
632304,Model C,78351.47,2021-11-07,XVBM2C4K170K
730915,Model D,84226.52,2021-11-07,BKD779C9DDYT
605225,Model D,74719.38,2021-11-07,JW5UEEKENCA2
175203,Model C,78855.32,2021-11-07,0FJCTUE334M5
564694,Model C,80291.65,2021-11-07,SJDKCA28NMH7
914109,Model D,77117.04,2021-11-07,JDXHQYJ1OJ81
650490,Model C,71328.03,2021-11-08,6AT11LNGDHQ8
249350,Model R,92348.52,2021-11-08,Z8QYZ3PQFNZX
980184,Model C,76388.73,2021-11-08,0K6D30A5IWJH
456207,Model R,100327.27,2021-11-09,6QIAW5QD8DF7
898656,Model C,65916.17,2021-11-09,2Y2RZCBIRN1G
205694,Model C,79454.4,2021-11-09,LJJXZR4IR57V
597549,Model C,79729.25,2021-11-09,MK6JK4RMXV5C
915818,Model C,66613.39,2021-11-10,QHZGL3HK7NKG
894435,Model R,102841.63,2021-11-10,RTJLZEAHG1OL
790941,Model C,69049.29,2021-11-11,88FMIA5Z0WY7
264100,Model R,99657.69,2021-11-11,D77JIWKEEVRH
862569,Model R,96941.29,2021-11-11,RQ3OCDDGP6HY
986087,Model D,86249.29,2021-11-12,3UMQ0MNDKT1C
203699,Model R,93860.32,2021-11-12,QKAUC9JMSOYZ
867769,Model C,83222.03,2021-11-12,N18PNAOD7MTX
545086,Model C,68527.1,2021-11-12,ZFN2HRZTRERR
791496,Model R,106580.24,2021-11-12,GX10SN3PS8BY
477119,Model R,100770.1,2021-11-12,GM63H6XETPO8
926494,Model C,82472.01,2021-11-13,8Y9F5X18LJ7B
147060,Model R,100844.08,2021-11-13,1WURLDYRV63Y
131516,Model C,80103.47,2021-11-13,DIBFHWCOJ9JO
979882,Model C,84550.63,2021-11-13,LES6R2SRGKFD
537448,Model R,111202.21,2021-11-13,2TJPTYWBM5LP
789257,Model C,70910.17,2021-11-13,XVZ39HCU6URX
666259,Model D,83443.56,2021-11-14,WN2P7P9JDGFJ
620584,Model C,65274.14,2021-11-14,6PRD53MGSCIK
905781,Model R,103027.56,2021-11-14,M481RXD9AOZK
959789,Model R,108025.88,2021-11-14,QT4GIBG3SNKG
371322,Model C,72855.62,2021-11-14,DEGZPA16XAYU
668956,Model D,84605.2,2021-11-15,JUKLB23XX4PA
371647,Model R,112508.41,2021-11-15,XBTDVY7K9ZYU
776532,Model C,74362.1,2021-11-15,Y30Z39AMI723
219358,Model C,68704.77,2021-11-15,IO9G2H9BDCX5
913674,Model D,93674.09,2021-11-15,FJL9M9OGCQ77
311933,Model D,93239.98,2021-11-16,W4YVQJWAE168
622127,Model C,76554.35,2021-11-16,LEACHOP6MYQ4
685507,Model R,111203.3,2021-11-16,R17G6SWVRLE7
241373,Model R,116614.55,2021-11-16,42U5JA2IDFF2
146130,Model R,92318.72,2021-11-16,Q3OKLRJSH4W3
545475,Model R,109248.0,2021-11-16,DQNGK6QRW3GA
487038,Model C,75123.51,2021-11-17,DB2NZM6WMCG2
755684,Model D,96383.56,2021-11-17,HQGFW5EKKYL2
608513,Model C,83395.18,2021-11-17,QMSCXI7MD37G
690899,Model R,109872.91,2021-11-17,HGBKKYZBCDW8
132823,Model C,76404.89,2021-11-17,SZ9ND1C0HIMT
490751,Model D,83146.62,2021-11-17,GKEMFBNMWN9V
152877,Model D,91267.81,2021-11-17,62UUTUFBK3YZ
223112,Model D,81543.74,2021-11-17,R8BU3J7RQ3TH
683729,Model D,84256.51,2021-11-17,X3UE5HLCHP4G
165486,Model R,100802.35,2021-11-17,OJWA52MQXEOI
687037,Model R,101147.21,2021-11-17,4DEQ5ZBMB0JX
430147,Model R,118365.82,2021-11-17,FOAG1L1WM4XA
875662,Model R,108760.83,2021-11-18,ZOC4P08BHGR4
376473,Model D,94183.99,2021-11-18,SXO730M3RE8R
289706,Model R,99511.91,2021-11-19,86CZE8TGIAH0
113996,Model D,82632.65,2021-11-19,EUIX219TECDF
143087,Model D,90576.32,2021-11-19,PUQVY6Q93JGN
880876,Model D,84422.91,2021-11-19,M1XOMX7YZXHU
884801,Model R,114081.05,2021-11-19,PRYNBOYY4HR6
731069,Model C,72509.23,2021-11-20,NDGPOETYKB4E
126492,Model R,100628.4,2021-11-20,PCER8OGXVOW1
372299,Model R,96110.28,2021-11-21,NJX7FV1P0PCL
349576,Model D,76485.78,2021-11-21,9QWDVZJO6HQR
330997,Model R,108453.73,2021-11-21,1MF4LDWILGRG
264676,Model D,86306.29,2021-11-21,0SC44MIF3HN5
599301,Model R,112596.46,2021-11-21,VK69M2BCPDJK
796697,Model C,80215.55,2021-11-21,ASPUVNEBB9ZU
646959,Model C,75892.27,2021-11-21,ZBWSCNUS58GJ
392648,Model C,71899.62,2021-11-21,KKV9VRO86BEN
890823,Model R,101003.31,2021-11-22,I85JFE6MG0HA
710737,Model C,69094.97,2021-11-22,MS0PBQKMHU87
942060,Model C,76957.39,2021-11-22,OYG6EUNV28UW
909550,Model C,83879.08,2021-11-22,2O8X4YEQ8RND
426993,Model R,99863.88,2021-11-22,7Y3VOD4RI8IQ
383914,Model R,109725.17,2021-11-22,BTU36YEHV3C7
528705,Model D,91340.05,2021-11-22,H8DRN3YBEIX9
650595,Model R,110022.09,2021-11-23,I6ET2LVDTKBW
727111,Model D,74492.13,2021-11-23,EPEYJ7RQIUV2
366759,Model D,77494.74,2021-11-23,BDD28BBQSB7R
749723,Model R,97405.99,2021-11-23,YG5HJNJH9SAQ
591753,Model D,79418.96,2021-11-24,8IPCP9TY0XQC
316754,Model D,76806.39,2021-11-24,8AJXVSBHPSUB
387538,Model R,117423.08,2021-11-24,F5RGWM8X9H6A
221642,Model D,74982.57,2021-11-24,FF52BGOGOEDG
749771,Model R,116587.55,2021-11-24,CAD8TDSWNG9Q
385047,Model C,74423.54,2021-11-24,GPBDKA23JJXJ
477332,Model R,107196.14,2021-11-24,VPA418HA97H4
810457,Model C,75312.33,2021-11-24,TTF8LEOZKDBI
492513,Model D,77281.27,2021-11-24,VI7PGJFN403Q
630046,Model D,93191.38,2021-11-25,016NNZA60IWL
611980,Model D,90243.62,2021-11-25,D8XPOVTCGHLC
995803,Model R,119520.05,2021-11-25,7A4MXK38O1IP
502321,Model D,94999.51,2021-11-25,APHQOIDF3O2W
482071,Model R,114542.0,2021-11-25,BY4T4V4PEHMI
767140,Model R,105256.94,2021-11-25,1LGXQBHONNBK
623038,Model C,74798.19,2021-11-25,QER22L5XH5K6
772467,Model R,101531.6,2021-11-25,86ZL1F8M0FI2
234084,Model D,92994.62,2021-11-25,303D99H0HCSR
525324,Model R,98954.76,2021-11-25,9YZFSDYE13C6
468056,Model C,80691.8,2021-11-25,VN41G1P2FEWR
533882,Model C,79276.56,2021-11-25,6LA5BIWM5U31
669629,Model R,95129.76,2021-11-26,B4MZZ3M9KO7C
406734,Model D,83892.6,2021-11-26,JORHNISM66QD
868565,Model D,86396.37,2021-11-26,9VFAWO8T28SF
846378,Model D,80437.11,2021-11-26,KK018PP43UVP
898828,Model D,76943.36,2021-11-27,S7EY51S9CXD7
178876,Model C,82153.0,2021-11-27,379KCRL0U4SP
627933,Model C,79118.08,2021-11-28,ROHBS05LKHJB
279633,Model R,116420.08,2021-11-28,S37B7G1JA36R
225399,Model C,65644.07,2021-11-29,X7320SAGDHT3
789522,Model C,75846.35,2021-11-29,O293IJAAA8BY
786110,Model C,71212.59,2021-11-29,U6JL2GHPOHXV
776603,Model C,75561.01,2021-11-29,TIXUDYSID1NJ
224920,Model C,69500.62,2021-11-29,NST2IPUDPPKC
877002,Model D,94552.26,2021-11-30,M9A4KW1NDGH3
906648,Model C,69266.29,2021-11-30,UAWFZFOOQLQ4
824860,Model R,95838.34,2021-11-30,SHBQR2EP8Z9Z
478087,Model C,74221.11,2021-11-30,BI7AAXOXW9ZI
896871,Model D,83834.98,2021-12-01,YRD8J9TR7KER
207956,Model C,67535.66,2021-12-01,HOLHNNI6A1VS
540608,Model D,82817.38,2021-12-01,DSZ8YJ7FHKDW
637544,Model R,118014.17,2021-12-01,NR8BGXN9IG30
948989,Model R,115285.44,2021-12-01,4EIO6XAKR5GA
960793,Model R,96941.9,2021-12-01,UFSVMS0N596V
793567,Model R,104122.57,2021-12-01,DOBO867RMDPV
336362,Model C,69028.41,2021-12-01,MKZ2XILDORZ9
204969,Model D,91045.83,2021-12-01,SZTU6XMLHZY1
220652,Model R,116057.46,2021-12-01,IK88G1LW8STZ
411053,Model R,108314.36,2021-12-02,F50R6HZRI5HI
846428,Model R,119580.52,2021-12-02,F1GXWP8CJ6J9
258364,Model D,78887.54,2021-12-02,0VT60WURSUD3
468098,Model C,72595.98,2021-12-02,6X276RNXAD2K
645109,Model D,80043.79,2021-12-02,V56ZWA9V4YNX
364915,Model C,71826.9,2021-12-02,XTN98H2PUHC3
280023,Model R,94080.35,2021-12-02,HU9BX4H9ZMFD
399795,Model C,83217.06,2021-12-03,4GU4SCZ5J8TD
183080,Model D,89607.66,2021-12-03,1MZRD9BLHB12
473174,Model R,106876.42,2021-12-03,0VC1MDI1CXI9
278514,Model R,100514.91,2021-12-03,86AABBY4U2X3
825554,Model C,78250.23,2021-12-03,N5FZYJVM266X
173889,Model R,106958.72,2021-12-03,1SU64EYW3B3G
412859,Model R,101811.48,2021-12-04,LPJ6J29A4H91
257232,Model D,89693.62,2021-12-04,NAMCPYK6L5JU
329603,Model C,70157.59,2021-12-04,NGVKYBR7Y64E
310514,Model C,83917.62,2021-12-04,OMIVFN83PRYP
588004,Model D,80911.19,2021-12-04,XYIVSIJA7J7P
117623,Model R,101448.95,2021-12-04,96C7YXA248O9
188954,Model D,90314.31,2021-12-05,P4WXVDMEF3I4
744189,Model R,106396.32,2021-12-05,HER7Z4WEFI3C
540087,Model C,76932.7,2021-12-05,I4IPZYW9VHOE
952304,Model R,117192.72,2021-12-06,DXQW9L9OSPDD
869188,Model D,76703.67,2021-12-06,BD8X9EZA2B8R
818847,Model C,76169.67,2021-12-07,MWF83R4HEMP7
377313,Model R,108881.87,2021-12-08,AORT60GTREFW
116472,Model C,78783.57,2021-12-08,0WLCUULG4MC9
218948,Model R,96163.93,2021-12-08,R0A0IDFRAYC6
324914,Model D,87841.57,2021-12-08,5QLMXEFJ0K4R
803618,Model R,105754.38,2021-12-09,RTLS78UULFFZ
589184,Model C,82591.45,2021-12-10,B7WB3R2DKHC8
659398,Model C,80012.41,2021-12-10,EMBYIRC3ISC2
747494,Model D,79844.89,2021-12-10,R3W45V0ZXEKP
207744,Model D,85213.88,2021-12-11,TR102YQNGYKN
121806,Model C,67029.44,2021-12-11,7AVEAQT1LMV7
942847,Model D,87309.97,2021-12-11,FOCK3CKM30NX
904067,Model D,80110.58,2021-12-11,1UO4ODVNMUTA
816309,Model R,95110.38,2021-12-12,661LF6JYIOA2
824367,Model D,95031.74,2021-12-12,NPLBNSOZUYU2
649531,Model R,113543.88,2021-12-12,05H0WJAV2AU2
832021,Model C,82570.08,2021-12-12,EHZ3XFVNT8I3
122452,Model C,79451.83,2021-12-13,Z5AQYEEH5D9A
857548,Model D,94213.49,2021-12-13,PTXLO6RPTMK1
273544,Model D,86723.68,2021-12-13,BYFNH6TP7PBX
157694,Model R,114679.37,2021-12-13,DCFP770C78H0
213706,Model R,117393.91,2021-12-13,3OW8X3IB2JBK
196937,Model C,69738.46,2021-12-13,M11ZUI94WUSI
332303,Model R,102768.38,2021-12-14,TIQJEZI1C2ZN
181322,Model R,113777.91,2021-12-14,ZK2HQ71HS18J
206668,Model D,84296.63,2021-12-14,K2C3Z4URQXA3
774961,Model D,77920.5,2021-12-14,E8TC9Z0ZPI97
259744,Model R,100363.33,2021-12-14,T143GE9GJKV3
817723,Model D,93146.48,2021-12-14,3FRLMS2F5I8D
390083,Model C,84567.08,2021-12-14,QJJ3ZS42CMIB
428159,Model C,70690.95,2021-12-14,7PT2733XZO5W
617566,Model R,115553.89,2021-12-14,FHSOSXN6XO2V
955574,Model D,76389.18,2021-12-15,A03OT8E4DDEJ
567204,Model R,101728.12,2021-12-15,PB61K5BHMYXQ
700743,Model R,108802.88,2021-12-15,4QE495PR85BZ
287843,Model D,95605.28,2021-12-15,F64NT4BKA2W5
764621,Model D,95978.88,2021-12-15,TOGUWWKGQ1KK
735415,Model R,111156.96,2021-12-15,U60PUGV6GYD5
278839,Model R,117429.54,2021-12-15,ZKMMGDK2E8DD
391749,Model R,93058.72,2021-12-15,3H6G1L02RL13
177476,Model R,96473.66,2021-12-16,W7I4NSAN9DMY
153414,Model R,116147.11,2021-12-16,XIH6WR9RUT6O
772833,Model R,103359.62,2021-12-16,8SVCDKGAAQJV
624234,Model C,70916.34,2021-12-16,V305UOVJD1KE
207613,Model D,83345.94,2021-12-16,ZRP2TMCWATZG
566842,Model R,112422.32,2021-12-16,S5I31770MVF9
941391,Model D,92761.05,2021-12-16,AZWMM4XKE58F
571236,Model R,114992.97,2021-12-17,W6XMU516KRUT
989622,Model D,74784.94,2021-12-17,XZ2S8UAZSMEG
158488,Model C,65480.47,2021-12-17,IDN1E066BH5M
221589,Model R,94407.8,2021-12-17,I5A1PJWWXR76
920642,Model C,73415.6,2021-12-17,1I1W09CFE5PF
268340,Model C,71431.68,2021-12-17,GDJ18IH4OUIU
682089,Model D,88965.33,2021-12-17,GDLB5U6YB7G7
120083,Model R,103900.51,2021-12-17,AKSTE3WJMK3Y
695861,Model D,94579.69,2021-12-17,IDJ6MGIC7L5J
963460,Model D,74656.51,2021-12-17,WQ1L7Q465H70
583218,Model R,108813.14,2021-12-18,JTQC04Z8M9SW
191683,Model C,70370.78,2021-12-18,J4FXQXNNNQYW
966866,Model C,77330.08,2021-12-18,L45FNL64PS7F
534950,Model D,83175.02,2021-12-18,TTT1WSG65FHV
145691,Model D,92027.01,2021-12-18,VIZSWOMVQ72R
272584,Model C,68915.39,2021-12-19,JZ4LU3X2SPHQ
591415,Model D,75909.91,2021-12-19,FXUKLZGBGLS1
657663,Model D,92673.98,2021-12-19,0MW6O3W6CR59
239554,Model D,80150.98,2021-12-19,829UQN9EEYSZ
359583,Model D,88312.82,2021-12-19,W5FXEHB3SKOC
688971,Model R,110764.68,2021-12-20,N81ZNQNK9S90
758330,Model D,77891.42,2021-12-20,JXQHORZ0PWQZ
612930,Model D,89374.56,2021-12-20,3GRKOUBVIM9H
497147,Model D,78097.68,2021-12-20,C5SLVF1OU8JR
178353,Model D,90724.31,2021-12-20,NYZTZ7VYYFQU
878380,Model C,73766.17,2021-12-21,MY22FXZ9HKGZ
153911,Model D,78421.76,2021-12-21,EW0N8JRDKSSB
591797,Model R,97897.68,2021-12-21,WXLGSUN3442N
405494,Model R,100125.46,2021-12-22,H7AZC77MXWI6
175103,Model C,80464.65,2021-12-22,XBH9GSEFRTYZ
639502,Model D,83874.66,2021-12-22,669C92QZMIZ9
326776,Model C,80302.05,2021-12-22,664OUFFOICD5
448223,Model C,69695.92,2021-12-22,DF4S37ZORCWT
724134,Model D,89627.51,2021-12-22,JVOKPF8PT3BN
497874,Model D,91275.01,2021-12-23,JA43HLNVSM0X
664396,Model C,74590.36,2021-12-23,I4J0RPAZPHYR
753300,Model D,80833.84,2021-12-23,JEKQ20S2ZDTB
265803,Model C,69039.69,2021-12-23,J5BNPNFJRKCA
680437,Model C,75416.61,2021-12-23,7L3VX2PWG1UW
111353,Model R,104179.61,2021-12-23,Z6OACFRKP7NS
772508,Model D,75469.86,2021-12-23,M3LE5RIFESSH
752482,Model R,105716.94,2021-12-24,RCRJGBHEPRNV
264443,Model C,83087.59,2021-12-24,PAH4WY3IJ9TR
484867,Model D,80385.25,2021-12-24,UCCJ842QZ5O4
802467,Model R,114385.93,2021-12-24,5GJ0P9CVBUG6
509999,Model D,81768.32,2021-12-24,SQN4M8SSAUS7
320573,Model C,68903.0,2021-12-25,A02DW9KLDT9Y
726508,Model R,109967.16,2021-12-25,F42R0DM7DFPC
906873,Model C,83600.58,2021-12-25,ES7LVIRCNLMV
835445,Model R,116613.76,2021-12-26,ZHDF14N6QT4H
330054,Model R,99674.12,2021-12-26,KIOWZNUC32A9
482323,Model R,111408.34,2021-12-26,LNZC7HDM8WQM
227583,Model R,97267.38,2021-12-26,98VZK8EZ3YWJ
320265,Model C,82138.13,2021-12-26,PZ5EA3CHJ797
702834,Model C,82470.77,2021-12-27,0SNETTWGDAEU
460813,Model D,91577.79,2021-12-27,XG2R7FG64MWV
336311,Model R,117217.47,2021-12-27,QAJT51IGFFTR
730367,Model R,103122.06,2021-12-27,2949Z6ZD00NW
531162,Model R,113463.77,2021-12-27,CYM1NXQSP276
570353,Model R,104568.7,2021-12-28,7F9NV7NQO0LB
803365,Model R,110650.65,2021-12-28,O39SCRUF5XEF
174174,Model D,81442.32,2021-12-28,ML918UGNL3T4
266572,Model R,92476.75,2021-12-28,8Y2WDRFPXXXZ
351505,Model D,96142.12,2021-12-28,KH1YXV08JORI
475408,Model D,79151.05,2021-12-28,9HWSKZ41HW8Q
659994,Model D,77967.14,2021-12-28,TBKGNGC9BGLE
322247,Model R,100327.29,2021-12-29,TBX7ZLZCHVBY
366961,Model C,84420.1,2021-12-29,ZMSQXTCAI1ES
192688,Model R,104974.55,2021-12-30,MZ2T95RP5WEJ
785736,Model D,86039.81,2021-12-30,KQ0XAY0XH315
385751,Model R,109157.39,2021-12-30,WCVG5J7SVF6M
